country,name,continent,year,lifeExp,pop,gdpPercap
arg,Argentina,Americas,1960-01-01,65.26,20481781,7362.53406
arg,Argentina,Americas,1965-01-01,66.13,22159644,8202.11255
arg,Argentina,Americas,1970-01-01,66.13,23880564,9243.25658
arg,Argentina,Americas,1975-01-01,68.03,25865775,9939.69662
arg,Argentina,Americas,1980-01-01,70.23,27896532,10318.18299
arg,Argentina,Americas,1985-01-01,71.73,30216284,9009.00173
arg,Argentina,Americas,1990-01-01,72.47,32618648,8149.24062
arg,Argentina,Americas,1995-01-01,73.44,34828168,10003.09169
arg,Argentina,Americas,2000-01-01,74.22,36870796,10730.60822
arg,Argentina,Americas,2005-01-01,75.28,38892924,11192.17958
arg,Argentina,Americas,2010-01-01,75.94,40895751,13551.33919
arg,Argentina,Americas,2015-01-01,76.5,43075416,13789.06042
arg,Argentina,Americas,2019-01-01,76.58,44780675,12711.70519
aus,Australia,Oceania,1960-01-01,71.11,10242070,19967.91914
aus,Australia,Oceania,1965-01-01,71.1,11313186,22527.08827
aus,Australia,Oceania,1970-01-01,71.15,12793030,26915.35218
aus,Australia,Oceania,1975-01-01,72.51,13773290,28350.93536
aus,Australia,Oceania,1980-01-01,74.51,14588400,30817.75422
aus,Australia,Oceania,1985-01-01,75.59,15663672,33020.30471
aus,Australia,Oceania,1990-01-01,77,16960600,37003.99099
aus,Australia,Oceania,1995-01-01,78.29,17993083,39254.189659999996
aus,Australia,Oceania,2000-01-01,79.72,18991434,45683.31004
aus,Australia,Oceania,2005-01-01,81.24,20178543,50299.10077
aus,Australia,Oceania,2010-01-01,82.12,22154687,53604.9211
aus,Australia,Oceania,2015-01-01,82.73,23932499,56755.72171
aus,Australia,Oceania,2019-01-01,82.89,25203200,58923.20821
aut,Austria,Europe,1960-01-01,68.96,7070773,12046.30565
aut,Austria,Europe,1965-01-01,70.09,7305154,14466.00251
aut,Austria,Europe,1970-01-01,70.21,7516238,18094.71351
aut,Austria,Europe,1975-01-01,71.44,7637686,21620.34971
aut,Austria,Europe,1980-01-01,72.84,7609750,25510.4792
aut,Austria,Europe,1985-01-01,74.26,7614874,27384.85734
aut,Austria,Europe,1990-01-01,75.97,7723954,31328.07986
aut,Austria,Europe,1995-01-01,77.03,7990113,33776.89854
aut,Austria,Europe,2000-01-01,78.49,8069276,38827.2726
aut,Austria,Europe,2005-01-01,79.75,8253656,41264.67242
aut,Austria,Europe,2010-01-01,80.79,8409945,43317.08506
aut,Austria,Europe,2015-01-01,81.57,8678667,44178.04738
aut,Austria,Europe,2019-01-01,82.16,8955108,46717.72073
bdi,Burundi,Africa,1960-01-01,43.92,2797925,285.43888
bdi,Burundi,Africa,1965-01-01,45.31,3094378,279.35114
bdi,Burundi,Africa,1970-01-01,45.96,3479070,352.64871
bdi,Burundi,Africa,1975-01-01,47.19,3700879,340.65285
bdi,Burundi,Africa,1980-01-01,48.49,4157296,371.11195
bdi,Burundi,Africa,1985-01-01,49.33,4750832,418.49598
bdi,Burundi,Africa,1990-01-01,48.72,5438959,438.71252
bdi,Burundi,Africa,1995-01-01,43.35,5987044,350.95099
bdi,Burundi,Africa,2000-01-01,44.69,6378871,306.58448
bdi,Burundi,Africa,2005-01-01,50.3,7364857,295.73716
bdi,Burundi,Africa,2010-01-01,58.55,8675606,313.31181
bdi,Burundi,Africa,2015-01-01,61.75,10160034,305.54965
bdi,Burundi,Africa,2019-01-01,63.83,11530577,278.31937
bel,Belgium,Europe,1960-01-01,70.07,9167361,11729.58805
bel,Belgium,Europe,1965-01-01,70.76,9443948,14483.61919
bel,Belgium,Europe,1970-01-01,71.1,9632179,17842.3178
bel,Belgium,Europe,1975-01-01,72.15,9771582,20988.76429
bel,Belgium,Europe,1980-01-01,73.33,9868999,24383.49014
bel,Belgium,Europe,1985-01-01,74.61,9916577,25559.20837
bel,Belgium,Europe,1990-01-01,76.15,10006545,29429.82427
bel,Belgium,Europe,1995-01-01,77.01,10186304,31317.29498
bel,Belgium,Europe,2000-01-01,78.04,10282046,35660.44716
bel,Belgium,Europe,2005-01-01,79.32,10546885,38410.60159
bel,Belgium,Europe,2010-01-01,80.23,10938735,39761.9314
bel,Belgium,Europe,2015-01-01,81.09,11287931,40991.80814
bel,Belgium,Europe,2019-01-01,81.41,11539326,42887.65513
ben,Benin,Africa,1960-01-01,44.78,2431617,679.02167
ben,Benin,Africa,1965-01-01,46.76,2632361,734.78872
ben,Benin,Africa,1970-01-01,48.54,2912338,758.39264
ben,Benin,Africa,1975-01-01,50.76,3265167,722.77279
ben,Benin,Africa,1980-01-01,52.71,3717161,774.5521
ben,Benin,Africa,1985-01-01,53.94,4278502,839.74891
ben,Benin,Africa,1990-01-01,55.73,4978489,795.07166
ben,Benin,Africa,1995-01-01,56.89,5905552,823.54929
ben,Benin,Africa,2000-01-01,57.39,6865946,905.82627
ben,Benin,Africa,2005-01-01,58.81,7982223,943.62931
ben,Benin,Africa,2010-01-01,61.1,9199254,988.61079
ben,Benin,Africa,2015-01-01,62.64,10575962,1076.7967
ben,Benin,Africa,2019-01-01,64.49,11801151,1201.56139
bfa,Burkina Faso,Africa,1960-01-01,39.54,4829289,241.6055
bfa,Burkina Faso,Africa,1965-01-01,41.95,5174874,260.88539
bfa,Burkina Faso,Africa,1970-01-01,44.06,5624592,276.47998
bfa,Burkina Faso,Africa,1975-01-01,46.04,6154554,293.71703
bfa,Burkina Faso,Africa,1980-01-01,48.64,6822837,315.48403
bfa,Burkina Faso,Africa,1985-01-01,50.64,7727908,340.28613
bfa,Burkina Faso,Africa,1990-01-01,50.67,8811033,345.28416
bfa,Burkina Faso,Africa,1995-01-01,50.66,10089880,365.28054
bfa,Burkina Faso,Africa,2000-01-01,52.48,11607951,440.02841
bfa,Burkina Faso,Africa,2005-01-01,55.3,13421935,518.16787
bfa,Burkina Faso,Africa,2010-01-01,57.94,15605211,582.41573
bfa,Burkina Faso,Africa,2015-01-01,59.9,18110616,653.32727
bfa,Burkina Faso,Africa,2019-01-01,61.67,20321383,739.17521
bgd,Bangladesh,Asia,1960-01-01,43.82,48013505,463.35739
bgd,Bangladesh,Asia,1965-01-01,45.87,55385114,504.15472
bgd,Bangladesh,Asia,1970-01-01,42.2,64232486,512.12116
bgd,Bangladesh,Asia,1975-01-01,50.62,70066310,414.6048
bgd,Bangladesh,Asia,1980-01-01,53.22,79639498,447.69492
bgd,Bangladesh,Asia,1985-01-01,53.75,90764180,484.04802
bgd,Bangladesh,Asia,1990-01-01,58.19,103171957,512.09659
bgd,Bangladesh,Asia,1995-01-01,62.24,115169933,572.43845
bgd,Bangladesh,Asia,2000-01-01,65.47,127657862,653.80864
bgd,Bangladesh,Asia,2005-01-01,67.44,139035505,769.13598
bgd,Bangladesh,Asia,2010-01-01,70.04,147575433,972.90969
bgd,Bangladesh,Asia,2015-01-01,73.59,156256287,1248.45331
bgd,Bangladesh,Asia,2019-01-01,74.55,163046173,1603.9535
bhs,Bahamas,Americas,1960-01-01,61.93,109532,20121.41464
bhs,Bahamas,Americas,1965-01-01,63.28,140060,25940.14515
bhs,Bahamas,Americas,1970-01-01,65.4,169376,28586.70754
bhs,Bahamas,Americas,1975-01-01,68.21,188895,19178.25322
bhs,Bahamas,Americas,1980-01-01,68.62,210589,30294.28725
bhs,Bahamas,Americas,1985-01-01,70.21,234579,32659.7394
bhs,Bahamas,Americas,1990-01-01,70.86,256227,33681.23607
bhs,Bahamas,Americas,1995-01-01,70.77,280179,30654.65804
bhs,Bahamas,Americas,2000-01-01,71.25,298045,35819.66133
bhs,Bahamas,Americas,2005-01-01,73.18,324848,35674.49827
bhs,Bahamas,Americas,2010-01-01,73.24,354936,32271.3289
bhs,Bahamas,Americas,2015-01-01,73.35,374200,31295.56387
bhs,Bahamas,Americas,2019-01-01,73.36,389486,32798.17733
blz,Belize,Americas,1960-01-01,63.93,92068,1195.07713
blz,Belize,Americas,1965-01-01,66.43,106120,1319.15481
blz,Belize,Americas,1970-01-01,67.51,122184,1489.50815
blz,Belize,Americas,1975-01-01,69.56,133264,1939.36425
blz,Belize,Americas,1980-01-01,70.87,144142,2512.49701
blz,Belize,Americas,1985-01-01,72.08,164918,2236.16424
blz,Belize,Americas,1990-01-01,72.79,187554,3147.26776
blz,Belize,Americas,1995-01-01,72.9,206962,3816.45431
blz,Belize,Americas,2000-01-01,69.98,247310,4278.05015
blz,Belize,Americas,2005-01-01,72.43,283798,4773.66085
blz,Belize,Americas,2010-01-01,73.58,322465,4728.81041
blz,Belize,Americas,2015-01-01,74.19,360926,4770.23266
blz,Belize,Americas,2019-01-01,74.46,390351,4701.08924
bol,Bolivia,Americas,1960-01-01,43,3656961,1292.80562
bol,Bolivia,Americas,1965-01-01,46.17,4038865,1469.5908
bol,Bolivia,Americas,1970-01-01,50.09,4484004,1799.57115
bol,Bolivia,Americas,1975-01-01,53.66,5001413,2137.71097
bol,Bolivia,Americas,1980-01-01,56.76,5579932,2120.70178
bol,Bolivia,Americas,1985-01-01,59.14,6179460,1736.87151
bol,Bolivia,Americas,1990-01-01,61.69,6864839,1744.31199
bol,Bolivia,Americas,1995-01-01,64.02,7622334,1920.31793
bol,Bolivia,Americas,2000-01-01,66.53,8418270,2059.18528
bol,Bolivia,Americas,2005-01-01,68.97,9232301,2186.18668
bol,Bolivia,Americas,2010-01-01,70.3,10048597,2514.43483
bol,Bolivia,Americas,2015-01-01,71.3,10869732,3035.97165
bol,Bolivia,Americas,2019-01-01,72.01,11513102,3317.37095
bra,Brazil,Americas,1960-01-01,52.44,72179235,2634.95206
bra,Brazil,Americas,1965-01-01,54.83,83373533,2847.37166
bra,Brazil,Americas,1970-01-01,56.94,95113265,3627.26789
bra,Brazil,Americas,1975-01-01,59.78,107216209,5247.2306
bra,Brazil,Americas,1980-01-01,62.74,120694012,6437.87923
bra,Brazil,Americas,1985-01-01,64.61,135274083,6062.54383
bra,Brazil,Americas,1990-01-01,67.29,149003225,6155.87438
bra,Brazil,Americas,1995-01-01,69.17,162019889,6584.83353
bra,Brazil,Americas,2000-01-01,71.18,174790339,6787.67798
bra,Brazil,Americas,2005-01-01,72.81,186127108,7352.29227
bra,Brazil,Americas,2010-01-01,73.85,195713637,8702.26679
bra,Brazil,Americas,2015-01-01,75.03,204471759,8814.00142
bra,Brazil,Americas,2019-01-01,75.85,211049519,8638.29429
bwa,Botswana,Africa,1960-01-01,54.36,502733,364.20315
bwa,Botswana,Africa,1965-01-01,55.08,559996,444.08157
bwa,Botswana,Africa,1970-01-01,56.49,627714,665.29923
bwa,Botswana,Africa,1975-01-01,59.14,741346,1281.84205
bwa,Botswana,Africa,1980-01-01,60.98,897860,1883.58211
bwa,Botswana,Africa,1985-01-01,62.49,1069585,2544.8807
bwa,Botswana,Africa,1990-01-01,61.32,1286756,3691.63289
bwa,Botswana,Africa,1995-01-01,52.5,1469173,4042.01188
bwa,Botswana,Africa,2000-01-01,45.52,1643333,4654.06488
bwa,Botswana,Africa,2005-01-01,49.93,1799077,5078.9234
bwa,Botswana,Africa,2010-01-01,56.98,1987106,5746.99529
bwa,Botswana,Africa,2015-01-01,60.62,2120716,6799.87018
bwa,Botswana,Africa,2019-01-01,62.25,2303703,7232.08757
caf,Central African Republic,Africa,1960-01-01,45.76,1501668,652.85503
caf,Central African Republic,Africa,1965-01-01,47.28,1639706,618.21911
caf,Central African Republic,Africa,1970-01-01,48.12,1811157,655.26835
caf,Central African Republic,Africa,1975-01-01,48.44,1958367,666.70446
caf,Central African Republic,Africa,1980-01-01,49.17,2199359,612.64636
caf,Central African Republic,Africa,1985-01-01,49.5,2542170,587.60031
caf,Central African Republic,Africa,1990-01-01,48.09,2806740,531.85572
caf,Central African Republic,Africa,1995-01-01,44.69,3222662,486.36572
caf,Central African Republic,Africa,2000-01-01,43.79,3640421,460.34521
caf,Central African Republic,Africa,2005-01-01,45.21,4038380,454.50741
caf,Central African Republic,Africa,2010-01-01,47.81,4386765,531.713
caf,Central African Republic,Africa,2015-01-01,49.67,4493171,377.42292
caf,Central African Republic,Africa,2019-01-01,52.35,4745179,418.31555
chl,Chile,Americas,1960-01-01,54.2,8132988,3330.22587
chl,Chile,Americas,1965-01-01,58.7,8989607,3614.55316
chl,Chile,Americas,1970-01-01,61.99,9783134,4197.22596
chl,Chile,Americas,1975-01-01,66.15,10592310,3555.30326
chl,Chile,Americas,1980-01-01,69.44,11419350,4768.66873
chl,Chile,Americas,1985-01-01,71.95,12257238,4331.15743
chl,Chile,Americas,1990-01-01,73.43,13274617,5470.47974
chl,Chile,Americas,1995-01-01,75.28,14380864,7380.06128
chl,Chile,Americas,2000-01-01,76.93,15342350,8685.32179
chl,Chile,Americas,2005-01-01,77.89,16182713,10349.64301
chl,Chile,Americas,2010-01-01,78.61,17062531,11809.14163
chl,Chile,Americas,2015-01-01,79.63,17969356,13574.16924
chl,Chile,Americas,2019-01-01,80.16,18952035,13866.95584
chn,China,Asia,1960-01-01,27.79,660408054,238.21663
chn,China,Asia,1965-01-01,58.47,724218970,232.6068
chn,China,Asia,1970-01-01,60.88,827601385,283.58486
chn,China,Asia,1975-01-01,62.81,926240889,337.34352
chn,China,Asia,1980-01-01,64.41,1000089228,430.85465
chn,China,Asia,1985-01-01,66.59,1075589363,667.12736
chn,China,Asia,1990-01-01,68.09,1176883681,905.03086
chn,China,Asia,1995-01-01,69.75,1240920539,1520.02678
chn,China,Asia,2000-01-01,71.33,1290550767,2193.89299
chn,China,Asia,2005-01-01,72.98,1330776380,3390.71017
chn,China,Asia,2010-01-01,74.92,1368810604,5647.05875
chn,China,Asia,2015-01-01,76.77,1406847868,8066.94263
chn,China,Asia,2019-01-01,77.59,1433783692,10228.29281
civ,Cote d'Ivoire,Africa,1960-01-01,45.61,3503559,1651.55674
civ,Cote d'Ivoire,Africa,1965-01-01,48.35,4226843,1987.5339
civ,Cote d'Ivoire,Africa,1970-01-01,50.93,5102070,2614.95105
civ,Cote d'Ivoire,Africa,1975-01-01,53.98,6412409,2840.17875
civ,Cote d'Ivoire,Africa,1980-01-01,56.72,8033652,2777.85975
civ,Cote d'Ivoire,Africa,1985-01-01,57.38,9918204,2280.10531
civ,Cote d'Ivoire,Africa,1990-01-01,55.74,11924873,2009.48786
civ,Cote d'Ivoire,Africa,1995-01-01,51.7,14199759,1815.25804
civ,Cote d'Ivoire,Africa,2000-01-01,51.13,16454660,1828.18212
civ,Cote d'Ivoire,Africa,2005-01-01,53.46,18354513,1638.97517
civ,Cote d'Ivoire,Africa,2010-01-01,57.39,20532944,1634.83235
civ,Cote d'Ivoire,Africa,2015-01-01,61.07,23226148,1972.54568
civ,Cote d'Ivoire,Africa,2019-01-01,64.25,25716554,2327.74536
cmr,Cameroon,Africa,1960-01-01,27.54,5176920,881.39201
cmr,Cameroon,Africa,1965-01-01,49.55,5773538,903.08292
cmr,Cameroon,Africa,1970-01-01,51.54,6519754,857.19664
cmr,Cameroon,Africa,1975-01-01,53.56,7451057,1034.25946
cmr,Cameroon,Africa,1980-01-01,55.39,8621409,1218.52976
cmr,Cameroon,Africa,1985-01-01,57.71,10070806,1629.83284
cmr,Cameroon,Africa,1990-01-01,58.43,11780086,1237.01876
cmr,Cameroon,Africa,1995-01-01,56.64,13599984,971.61872
cmr,Cameroon,Africa,2000-01-01,54.47,15513944,1055.69096
cmr,Cameroon,Africa,2005-01-01,54.99,17733408,1144.54977
cmr,Cameroon,Africa,2010-01-01,57.7,20341236,1184.54204
cmr,Cameroon,Africa,2015-01-01,60.05,23298376,1327.50256
cmr,Cameroon,Africa,2019-01-01,63.35,25876387,1397.96492
cod,"Congo, Dem. Rep.",Africa,1960-01-01,47.55,15248256,1257.0625
cod,"Congo, Dem. Rep.",Africa,1965-01-01,48.26,17369882,1236.1017
cod,"Congo, Dem. Rep.",Africa,1970-01-01,49.62,20011033,1290.74504
cod,"Congo, Dem. Rep.",Africa,1975-01-01,50.87,22903587,1268.70091
cod,"Congo, Dem. Rep.",Africa,1980-01-01,52.13,26358905,1021.81202
cod,"Congo, Dem. Rep.",Africa,1985-01-01,53.67,29881222,987.49422
cod,"Congo, Dem. Rep.",Africa,1990-01-01,54.27,34612023,849.55242
cod,"Congo, Dem. Rep.",Africa,1995-01-01,53.64,41576239,485.41696
cod,"Congo, Dem. Rep.",Africa,2000-01-01,53.93,47105830,350.87077
cod,"Congo, Dem. Rep.",Africa,2005-01-01,56.14,54785894,363.66748
cod,"Congo, Dem. Rep.",Africa,2010-01-01,58.78,64563853,404.15154
cod,"Congo, Dem. Rep.",Africa,2015-01-01,62.65,76244532,497.31704
cod,"Congo, Dem. Rep.",Africa,2019-01-01,65.05,86790568,512.58622
cog,"Congo, Rep.",Africa,1960-01-01,43.74,1018254,1231.08274
cog,"Congo, Rep.",Africa,1965-01-01,45.4,1155389,1277.49355
cog,"Congo, Rep.",Africa,1970-01-01,47.23,1326894,1417.50024
cog,"Congo, Rep.",Africa,1975-01-01,49.71,1536658,1802.06461
cog,"Congo, Rep.",Africa,1980-01-01,52.75,1777932,1966.21823
cog,"Congo, Rep.",Africa,1985-01-01,55.58,2054308,2768.12582
cog,"Congo, Rep.",Africa,1990-01-01,53.97,2356740,2374.44742
cog,"Congo, Rep.",Africa,1995-01-01,52.32,2707532,2113.19155
cog,"Congo, Rep.",Africa,2000-01-01,53.05,3127420,2061.28727
cog,"Congo, Rep.",Africa,2005-01-01,56.99,3622775,2171.44314
cog,"Congo, Rep.",Africa,2010-01-01,60.87,4273738,2421.70903
cog,"Congo, Rep.",Africa,2015-01-01,63.52,4856093,2447.53931
cog,"Congo, Rep.",Africa,2019-01-01,65.43,5380504,1799.06647
col,Colombia,Americas,1960-01-01,59.26,16057714,1906.01503
col,Colombia,Americas,1965-01-01,61.58,18725242,2056.95077
col,Colombia,Americas,1970-01-01,65.93,21480064,2345.81162
col,Colombia,Americas,1975-01-01,66.27,24065502,2758.45007
col,Colombia,Americas,1980-01-01,68.92,26900508,3202.7307
col,Colombia,Americas,1985-01-01,67.21,29951194,3214.60824
col,Colombia,Americas,1990-01-01,71.45,33102569,3639.71922
col,Colombia,Americas,1995-01-01,72.55,36421438,4118.62803
col,Colombia,Americas,2000-01-01,74.23,39629965,3961.92972
col,Colombia,Americas,2005-01-01,76.52,42647731,4402.89908
col,Colombia,Americas,2010-01-01,77.89,45222699,5162.70564
col,Colombia,Americas,2015-01-01,79.69,47520667,6175.87603
col,Colombia,Americas,2019-01-01,80.19,50339443,6390.36806
cri,Costa Rica,Americas,1960-01-01,65.35,1330787,3600.48303
cri,Costa Rica,Americas,1965-01-01,65.49,1592834,3874.08983
cri,Costa Rica,Americas,1970-01-01,67.04,1847394,4643.79056
cri,Costa Rica,Americas,1975-01-01,71.6,2094186,5492.30719
cri,Costa Rica,Americas,1980-01-01,74.68,2389973,6213.54496
cri,Costa Rica,Americas,1985-01-01,75.71,2736719,5503.2218
cri,Costa Rica,Americas,1990-01-01,76.94,3119436,6041.44391
cri,Costa Rica,Americas,1995-01-01,76.53,3545524,6920.57904
cri,Costa Rica,Americas,2000-01-01,77.9,3962369,7678.49155
cri,Costa Rica,Americas,2005-01-01,79.44,4285504,8606.3337
cri,Costa Rica,Americas,2010-01-01,79.51,4577371,10236.98032
cri,Costa Rica,Americas,2015-01-01,80.2,4847805,11642.77805
cri,Costa Rica,Americas,2019-01-01,80.07,5047561,12654.68652
dnk,Denmark,Europe,1960-01-01,72.51,4581099,18107.37593
dnk,Denmark,Europe,1965-01-01,72.66,4760461,22519.81153
dnk,Denmark,Europe,1970-01-01,73.57,4931239,26927.95904
dnk,Denmark,Europe,1975-01-01,74.24,5062731,28480.35548
dnk,Denmark,Europe,1980-01-01,74.39,5123945,32073.64132
dnk,Denmark,Europe,1985-01-01,74.82,5114250,36783.94104
dnk,Denmark,Europe,1990-01-01,75.23,5141117,39295.24344
dnk,Denmark,Europe,1995-01-01,75.6,5232709,43310.25009
dnk,Denmark,Europe,2000-01-01,77.16,5341192,49241.928
dnk,Denmark,Europe,2005-01-01,78.34,5421701,51835.83271
dnk,Denmark,Europe,2010-01-01,79.52,5554849,51173.46616
dnk,Denmark,Europe,2015-01-01,80.99,5688695,53254.85637
dnk,Denmark,Europe,2019-01-01,81.13,5771877,57553.13124
dom,Dominican Republic,Americas,1960-01-01,61.92,3294222,1375.41365
dom,Dominican Republic,Americas,1965-01-01,61.62,3877768,1329.50271
dom,Dominican Republic,Americas,1970-01-01,64.88,4499722,1765.25203
dom,Dominican Republic,Americas,1975-01-01,67.18,5144632,2378.93835
dom,Dominican Republic,Americas,1980-01-01,69.25,5803929,2723.65305
dom,Dominican Republic,Americas,1985-01-01,70.24,6464229,2689.12456
dom,Dominican Republic,Americas,1990-01-01,71.97,7133491,2801.05843
dom,Dominican Republic,Americas,1995-01-01,73.71,7819239,3340.04393
dom,Dominican Republic,Americas,2000-01-01,73.66,8471317,4209.41187
dom,Dominican Republic,Americas,2005-01-01,72.56,9097262,4647.03787
dom,Dominican Republic,Americas,2010-01-01,73.5,9695117,5771.91842
dom,Dominican Republic,Americas,2015-01-01,72,10281675,6921.52059
dom,Dominican Republic,Americas,2019-01-01,73.19,10738957,8314.34482
dza,Algeria,Africa,1960-01-01,52.38,11057864,2170.31134
dza,Algeria,Africa,1965-01-01,56.8,12550880,2003.19159
dza,Algeria,Africa,1970-01-01,56.23,14464992,2368.57316
dza,Algeria,Africa,1975-01-01,56.87,16607706,2732.32263
dza,Algeria,Africa,1980-01-01,58.73,19221659,3186.43514
dza,Algeria,Africa,1985-01-01,64.7,22431507,3453.81941
dza,Algeria,Africa,1990-01-01,67.48,25758872,3123.99568
dza,Algeria,Africa,1995-01-01,69.04,28757788,2834.2634
dza,Algeria,Africa,2000-01-01,70.96,31042238,3111.1742
dza,Algeria,Africa,2005-01-01,72.94,33149720,3752.09378
dza,Algeria,Africa,2010-01-01,74.48,35977451,3918.48393
dza,Algeria,Africa,2015-01-01,75.44,39728020,4177.88689
dza,Algeria,Africa,2019-01-01,76.2,43053054,4111.30619
ecu,Ecuador,Americas,1960-01-01,56.1,4543658,2571.35233
ecu,Ecuador,Americas,1965-01-01,59.75,5243980,2783.21334
ecu,Ecuador,Americas,1970-01-01,61.35,6069375,2858.267
ecu,Ecuador,Americas,1975-01-01,64.09,6994331,3893.45236
ecu,Ecuador,Americas,1980-01-01,67.01,7989178,4229.85751
ecu,Ecuador,Americas,1985-01-01,69.88,9066100,4210.53125
ecu,Ecuador,Americas,1990-01-01,71.95,10230931,4269.7829
ecu,Ecuador,Americas,1995-01-01,73.63,11455205,4414.92826
ecu,Ecuador,Americas,2000-01-01,74.46,12681123,4209.34498
ecu,Ecuador,Americas,2005-01-01,73.61,13825839,4892.69132
ecu,Ecuador,Americas,2010-01-01,74.27,15011114,5323.73748
ecu,Ecuador,Americas,2015-01-01,75.88,16212022,6124.49089
ecu,Ecuador,Americas,2019-01-01,76.38,17373657,5853.81306
egy,Egypt,Africa,1960-01-01,46.87,26632891,762.13411
egy,Egypt,Africa,1965-01-01,50.67,30433024,941.98672
egy,Egypt,Africa,1970-01-01,51.25,34513851,962.11655
egy,Egypt,Africa,1975-01-01,54.43,38549133,1057.84565
egy,Egypt,Africa,1980-01-01,58.48,43309063,1452.59824
egy,Egypt,Africa,1985-01-01,60.12,49258726,1838.57571
egy,Egypt,Africa,1990-01-01,63.92,56134478,2051.61226
egy,Egypt,Africa,1995-01-01,66.38,62334025,2185.30218
egy,Egypt,Africa,2000-01-01,68.54,68831561,2610.4765
egy,Egypt,Africa,2005-01-01,68.78,75523576,2830.35014
egy,Egypt,Africa,2010-01-01,69.44,82761244,3485.2822
egy,Egypt,Africa,2015-01-01,69.92,92442549,3562.93266
egy,Egypt,Africa,2019-01-01,70.97,100388076,3964.98713
esp,Spain,Europe,1960-01-01,69.45,30402413,6212.53735
esp,Spain,Europe,1965-01-01,70.94,32146255,8928.96545
esp,Spain,Europe,1970-01-01,72.02,33883749,11431.59456
esp,Spain,Europe,1975-01-01,73.59,35879210,14004.338
esp,Spain,Europe,1980-01-01,75.51,37698200,14721.56758
esp,Spain,Europe,1985-01-01,76.45,38733866,15375.87454
esp,Spain,Europe,1990-01-01,76.96,39202524,18962.44605
esp,Spain,Europe,1995-01-01,78.09,39787413,19994.02769
esp,Spain,Europe,2000-01-01,79.47,40824745,23928.67166
esp,Spain,Europe,2005-01-01,80.58,44019118,26135.65158
esp,Spain,Europe,2010-01-01,82.08,46931011,25692.36964
esp,Spain,Europe,2015-01-01,82.78,46671919,25732.01836
esp,Spain,Europe,2019-01-01,83.09,46736782,28091.01233
fin,Finland,Europe,1960-01-01,69.22,4434593,11420.69956
fin,Finland,Europe,1965-01-01,69.56,4568604,14060.01817
fin,Finland,Europe,1970-01-01,70.66,4612365,17121.74368
fin,Finland,Europe,1975-01-01,72.17,4718744,20755.98806
fin,Finland,Europe,1980-01-01,74.01,4788247,23911.99614
fin,Finland,Europe,1985-01-01,74.88,4911220,26846.79476
fin,Finland,Europe,1990-01-01,75.43,4996220,31267.37495
fin,Finland,Europe,1995-01-01,76.94,5119012,29900.87062
fin,Finland,Europe,2000-01-01,78.04,5187953,37869.1588
fin,Finland,Europe,2005-01-01,79.32,5258933,42513.519
fin,Finland,Europe,2010-01-01,80.4,5365784,43546.05619
fin,Finland,Europe,2015-01-01,81.68,5481128,42784.69836
fin,Finland,Europe,2019-01-01,81.87,5532159,46172.5675
fji,Fiji,Oceania,1960-01-01,64.6,393480,2196.91681
fji,Fiji,Oceania,1965-01-01,65.57,463960,2168.81032
fji,Fiji,Oceania,1970-01-01,65.17,520561,2734.08665
fji,Fiji,Oceania,1975-01-01,65.03,576626,3264.6356
fji,Fiji,Oceania,1980-01-01,66.47,635312,3626.30694
fji,Fiji,Oceania,1985-01-01,66.11,711770,3213.17895
fji,Fiji,Oceania,1990-01-01,66.34,728575,3624.69523
fji,Fiji,Oceania,1995-01-01,66.12,775428,3868.23224
fji,Fiji,Oceania,2000-01-01,65.75,811011,4106.94871
fji,Fiji,Oceania,2005-01-01,67.11,821606,4570.26624
fji,Fiji,Oceania,2010-01-01,67.64,859816,4523.84683
fji,Fiji,Oceania,2015-01-01,68.02,868632,5390.71421
fji,Fiji,Oceania,2019-01-01,68.38,889955,5869.01411
fra,France,Europe,1960-01-01,71.19,45673147,11171.91895
fra,France,Europe,1965-01-01,71.83,48746653,13932.59664
fra,France,Europe,1970-01-01,72.6,50763921,17519.42717
fra,France,Europe,1975-01-01,73.34,52688575,20408.17175
fra,France,Europe,1980-01-01,74.68,53868006,23562.28241
fra,France,Europe,1985-01-01,75.77,55254838,24822.98436
fra,France,Europe,1990-01-01,77.21,56666861,28512.10871
fra,France,Europe,1995-01-01,78.19,57801887,29734.04522
fra,France,Europe,2000-01-01,79.19,59015092,33583.85744
fra,France,Europe,2005-01-01,80.56,61120128,35199.73432
fra,France,Europe,2010-01-01,81.58,62879535,35625.47404
fra,France,Europe,2015-01-01,82.52,64453194,36638.18493
fra,France,Europe,2019-01-01,82.87,65129731,38896.68543
gab,Gabon,Africa,1960-01-01,49.98,500922,3386.61587
gab,Gabon,Africa,1965-01-01,51.69,533357,4713.31848
gab,Gabon,Africa,1970-01-01,53.16,589317,5588.87631
gab,Gabon,Africa,1975-01-01,55.56,647538,11437.92454
gab,Gabon,Africa,1980-01-01,58.12,726335,9461.3395
gab,Gabon,Africa,1985-01-01,59.78,827107,9382.88765
gab,Gabon,Africa,1990-01-01,60.45,949493,8655.53787
gab,Gabon,Africa,1995-01-01,60.41,1084951,8815.22887
gab,Gabon,Africa,2000-01-01,59.59,1228359,7888.06209
gab,Gabon,Africa,2005-01-01,61.11,1390550,7504.25996
gab,Gabon,Africa,2010-01-01,63.27,1624146,6863.53876
gab,Gabon,Africa,2015-01-01,66.27,1947690,7384.7007
gab,Gabon,Africa,2019-01-01,67.81,2172578,7118.08946
gbr,United Kingdom,Europe,1960-01-01,71.17,52370595,14914.88076
gbr,United Kingdom,Europe,1965-01-01,71.65,54240855,16876.01736
gbr,United Kingdom,Europe,1970-01-01,72.08,55573455,19112.91287
gbr,United Kingdom,Europe,1975-01-01,72.78,56152325,20910.66213
gbr,United Kingdom,Europe,1980-01-01,73.79,56209164,23315.53651
gbr,United Kingdom,Europe,1985-01-01,74.81,56413555,26081.00297
gbr,United Kingdom,Europe,1990-01-01,75.85,57134377,30599.81845
gbr,United Kingdom,Europe,1995-01-01,76.84,57932450,32715.62039
gbr,United Kingdom,Europe,2000-01-01,77.97,58923305,38450.22085
gbr,United Kingdom,Europe,2005-01-01,79.33,60287953,42818.61696
gbr,United Kingdom,Europe,2010-01-01,80.58,63459801,42275.28835
gbr,United Kingdom,Europe,2015-01-01,81.05,65860149,45039.23595
gbr,United Kingdom,Europe,2019-01-01,81.07,67530161,46611.84433
gha,Ghana,Africa,1960-01-01,51.03,6635229,1109.57377
gha,Ghana,Africa,1965-01-01,53,7739463,1108.04245
gha,Ghana,Africa,1970-01-01,54.46,8735493,1131.00771
gha,Ghana,Africa,1975-01-01,56.27,9985946,977.21023
gha,Ghana,Africa,1980-01-01,57.53,11056112,925.22453
gha,Ghana,Africa,1985-01-01,58.17,12783617,783.15943
gha,Ghana,Africa,1990-01-01,59.37,14773274,856.89014
gha,Ghana,Africa,1995-01-01,59.89,17014058,917.58902
gha,Ghana,Africa,2000-01-01,59.61,19278850,1000.45366
gha,Ghana,Africa,2005-01-01,60.01,21814648,1130.45988
gha,Ghana,Africa,2010-01-01,61.79,24779614,1364.32594
gha,Ghana,Africa,2015-01-01,64.22,27849203,1705.57508
gha,Ghana,Africa,2019-01-01,66.31,30417858,1974.29467
grc,Greece,Europe,1960-01-01,72.43,8273628,5028.7208
grc,Greece,Europe,1965-01-01,73.01,8453819,7546.37191
grc,Greece,Europe,1970-01-01,73.82,8663568,10730.66847
grc,Greece,Europe,1975-01-01,74.63,9014091,13328.47415
grc,Greece,Europe,1980-01-01,75.3,9627004,15338.54467
grc,Greece,Europe,1985-01-01,75.86,9968233,14989.55357
grc,Greece,Europe,1990-01-01,77.23,10225990,15531.49558
grc,Greece,Europe,1995-01-01,77.75,10745502,15952.63176
grc,Greece,Europe,2000-01-01,78.44,11082103,18649.5914
grc,Greece,Europe,2005-01-01,79.43,11224800,22193.60027
grc,Greece,Europe,2010-01-01,80.4,10887640,21568.01821
grc,Greece,Europe,2015-01-01,80.92,10659737,18050.09761
grc,Greece,Europe,2019-01-01,80.94,10473452,18992.6602
gtm,Guatemala,Americas,1960-01-01,47.9,4210751,1854.7933
gtm,Guatemala,Americas,1965-01-01,49.53,4869714,2071.64071
gtm,Guatemala,Americas,1970-01-01,49.87,5621794,2398.72329
gtm,Guatemala,Americas,1975-01-01,54.38,6433723,2800.96375
gtm,Guatemala,Americas,1980-01-01,57.95,7283456,3291.73703
gtm,Guatemala,Americas,1985-01-01,59.42,8240060,2718.25708
gtm,Guatemala,Americas,1990-01-01,61.4,9263820,2733.8666
gtm,Guatemala,Americas,1995-01-01,64.08,10408486,2965.89179
gtm,Guatemala,Americas,2000-01-01,66.74,11650744,3195.39434
gtm,Guatemala,Americas,2005-01-01,68.4,13096028,3320.16407
gtm,Guatemala,Americas,2010-01-01,70.27,14630420,3606.43055
gtm,Guatemala,Americas,2015-01-01,71.77,16252425,3994.63691
gtm,Guatemala,Americas,2019-01-01,72.58,17581476,4254.03516
guy,Guyana,Americas,1960-01-01,58.85,571813,2720.90733
guy,Guyana,Americas,1965-01-01,60.28,651865,2728.00216
guy,Guyana,Americas,1970-01-01,61.68,704930,3120.60209
guy,Guyana,Americas,1975-01-01,61.22,745847,3478.21039
guy,Guyana,Americas,1980-01-01,62.36,780153,3223.58837
guy,Guyana,Americas,1985-01-01,62.61,770439,2607.00563
guy,Guyana,Americas,1990-01-01,62.37,743306,2398.28894
guy,Guyana,Americas,1995-01-01,63.1,761298,3299.98963
guy,Guyana,Americas,2000-01-01,63.96,746718,3850.81137
guy,Guyana,Americas,2005-01-01,64.39,746156,3944.43818
guy,Guyana,Americas,2010-01-01,65.75,749430,4847.50014
guy,Guyana,Americas,2015-01-01,66.41,767433,5576.82607
guy,Guyana,Americas,2019-01-01,67.31,782775,6478.27877
hnd,Honduras,Americas,1960-01-01,49.05,2038636,1220.53114
hnd,Honduras,Americas,1965-01-01,54.39,2346005,1360.34033
hnd,Honduras,Americas,1970-01-01,57.69,2716652,1458.63948
hnd,Honduras,Americas,1975-01-01,62.45,3153252,1504.03663
hnd,Honduras,Americas,1980-01-01,67.86,3678274,1770.56165
hnd,Honduras,Americas,1985-01-01,68.86,4281167,1667.55574
hnd,Honduras,Americas,1990-01-01,69.09,4955302,1738.62155
hnd,Honduras,Americas,1995-01-01,69.45,5709010,1753.85641
hnd,Honduras,Americas,2000-01-01,70.07,6574510,1790.36408
hnd,Honduras,Americas,2005-01-01,70.89,7458982,1980.98606
hnd,Honduras,Americas,2010-01-01,71.1,8317467,2120.74289
hnd,Honduras,Americas,2015-01-01,69.9,9112904,2302.20441
hnd,Honduras,Americas,2019-01-01,72.07,9746115,2499.49282
hti,Haiti,Americas,1960-01-01,45.41,3866162,1666.15228
hti,Haiti,Americas,1965-01-01,46.51,4258734,1561.48315
hti,Haiti,Americas,1970-01-01,47.96,4676237,1492.05936
hti,Haiti,Americas,1975-01-01,49.73,5094570,1650.04466
hti,Haiti,Americas,1980-01-01,51.28,5643175,2054.90904
hti,Haiti,Americas,1985-01-01,53.05,6337275,1745.53892
hti,Haiti,Americas,1990-01-01,54.57,7037915,1525.02002
hti,Haiti,Americas,1995-01-01,55.35,7744509,1223.5075200000001
hti,Haiti,Americas,2000-01-01,57.43,8463802,1267.64015
hti,Haiti,Americas,2005-01-01,59.05,9195289,1241.46118
hti,Haiti,Americas,2010-01-01,32.52,9949318,1291.59556
hti,Haiti,Americas,2015-01-01,62.18,10695540,1389.11978
hti,Haiti,Americas,2019-01-01,63.79,11263079,1371.94239
idn,Indonesia,Asia,1960-01-01,44.8,87751066,601.44692
idn,Indonesia,Asia,1965-01-01,43.5,100267070,579.92464
idn,Indonesia,Asia,1970-01-01,53.67,114793179,672.67672
idn,Indonesia,Asia,1975-01-01,56.92,130680730,826.83318
idn,Indonesia,Asia,1980-01-01,59.71,147447834,1072.61298
idn,Indonesia,Asia,1985-01-01,62.11,164982452,1208.11681
idn,Indonesia,Asia,1990-01-01,64.05,181413398,1487.84551
idn,Indonesia,Asia,1995-01-01,66.04,196934257,1934.12343
idn,Indonesia,Asia,2000-01-01,67.24,211513822,1867.5488
idn,Indonesia,Asia,2005-01-01,68.26,226289468,2199.09391
idn,Indonesia,Asia,2010-01-01,69.34,241834226,2720.19162
idn,Indonesia,Asia,2015-01-01,70.44,258383257,3331.69511
idn,Indonesia,Asia,2019-01-01,71.39,270625567,3877.38298
ind,India,Asia,1960-01-01,45.75,450547675,302.67182
ind,India,Asia,1965-01-01,45.71,499123328,323.46411
ind,India,Asia,1970-01-01,49.33,555189797,362.99106
ind,India,Asia,1975-01-01,51.59,623102900,372.96462
ind,India,Asia,1980-01-01,55.17,698952837,387.64086
ind,India,Asia,1985-01-01,57.3,784360012,444.23266
ind,India,Asia,1990-01-01,59.58,873277799,532.75455
ind,India,Asia,1995-01-01,61.74,963922586,618.36777
ind,India,Asia,2000-01-01,62.94,1056575548,757.66875
ind,India,Asia,2005-01-01,65.39,1147609924,953.56797
ind,India,Asia,2010-01-01,67.28,1234281163,1244.36602
ind,India,Asia,2015-01-01,69.36,1310152392,1605.60544
ind,India,Asia,2019-01-01,70.77,1366417756,1972.75782
irn,Iran,Asia,1960-01-01,44.48,21906909,2392.80515
irn,Iran,Asia,1965-01-01,48.71,24954865,3490.54992
irn,Iran,Asia,1970-01-01,54.51,28513872,5627.63753
irn,Iran,Asia,1975-01-01,61.47,32729772,7250.33677
irn,Iran,Asia,1980-01-01,64.7,38650244,3868.48831
irn,Iran,Asia,1985-01-01,66.31,47347197,3850.0112
irn,Iran,Asia,1990-01-01,66.68,56366212,3333.44439
irn,Iran,Asia,1995-01-01,70.37,61442658,3599.60481
irn,Iran,Asia,2000-01-01,71.94,65623397,3888.05098
irn,Iran,Asia,2005-01-01,73.55,69762345,4634.01062
irn,Iran,Asia,2010-01-01,75.45,73762519,5332.10806
irn,Iran,Asia,2015-01-01,76.69,78492208,4904.32731
irn,Iran,Asia,2019-01-01,77.76,82913893,4785.02788
ita,Italy,Europe,1960-01-01,69.86,49699947,9683.75181
ita,Italy,Europe,1965-01-01,70.87,51677247,12018.57835
ita,Italy,Europe,1970-01-01,71.81,53518966,15729.85644
ita,Italy,Europe,1975-01-01,72.86,55265280,17839.79865
ita,Italy,Europe,1980-01-01,74.2,56349352,21786.4911
ita,Italy,Europe,1985-01-01,75.79,56936776,23617.24945
ita,Italy,Europe,1990-01-01,77.16,57048237,27479.57863
ita,Italy,Europe,1995-01-01,78.22,57174412,29253.32217
ita,Italy,Europe,2000-01-01,79.64,56692178,32337.89674
ita,Italy,Europe,2005-01-01,80.99,58281209,33244.39755
ita,Italy,Europe,2010-01-01,82.08,59325232,32045.28407
ita,Italy,Europe,2015-01-01,82.74,60578489,30230.2263
ita,Italy,Europe,2019-01-01,83.1,60550092,32043.90737
jpn,Japan,Asia,1960-01-01,68.31,93673612,6260.67597
jpn,Japan,Asia,1965-01-01,70.86,98447007,9319.70656
jpn,Japan,Asia,1970-01-01,72.65,104929260,14122.30527
jpn,Japan,Asia,1975-01-01,74.77,112413362,16342.92054
jpn,Japan,Asia,1980-01-01,76.57,117816942,19345.31902
jpn,Japan,Asia,1985-01-01,78.16,121883483,22920.24698
jpn,Japan,Asia,1990-01-01,79.41,124505243,28508.39127
jpn,Japan,Asia,1995-01-01,80.24,126365486,30171.16379
jpn,Japan,Asia,2000-01-01,81.57,127524168,31430.63113
jpn,Japan,Asia,2005-01-01,82.5,128326115,33098.54747
jpn,Japan,Asia,2010-01-01,83.34,128542349,32942.20208
jpn,Japan,Asia,2015-01-01,84.35,127985139,34960.63938
jpn,Japan,Asia,2019-01-01,84.8,126860299,36362.35732
ken,Kenya,Africa,1960-01-01,54.29,8120082,657.30495
ken,Kenya,Africa,1965-01-01,56.31,9530163,658.48511
ken,Kenya,Africa,1970-01-01,58.15,11301394,731.90262
ken,Kenya,Africa,1975-01-01,60.24,13575898,968.92608
ken,Kenya,Africa,1980-01-01,62.21,16417203,1088.37662
ken,Kenya,Africa,1985-01-01,63.39,19877078,1018.1173
ken,Kenya,Africa,1990-01-01,62.12,23724574,1121.97367
ken,Kenya,Africa,1995-01-01,57.04,27768297,1037.26942
ken,Kenya,Africa,2000-01-01,54.83,31964557,1002.37486
ken,Kenya,Africa,2005-01-01,56.51,36624897,1045.92472
ken,Kenya,Africa,2010-01-01,61.18,42030684,1163.89697
ken,Kenya,Africa,2015-01-01,64.42,47878339,1336.88327
ken,Kenya,Africa,2019-01-01,66.51,52573967,1513.43727
kor,South Korea,Asia,1960-01-01,59.11,25329521,1027.46854
kor,South Korea,Asia,1965-01-01,61.36,28895557,1274.04151
kor,South Korea,Asia,1970-01-01,63.57,32195679,1977.07104
kor,South Korea,Asia,1975-01-01,65.73,35378657,2905.62382
kor,South Korea,Asia,1980-01-01,67.33,38045605,4055.79084
kor,South Korea,Asia,1985-01-01,69.87,40804406,5950.80043
kor,South Korea,Asia,1990-01-01,72.13,42918416,9365.39499
kor,South Korea,Asia,1995-01-01,74.34,45292521,13408.68142
kor,South Korea,Asia,2000-01-01,76.34,47379237,16992.47908
kor,South Korea,Asia,2005-01-01,78.78,48701069,21193.35751
kor,South Korea,Asia,2010-01-01,80.82,49545638,25451.00416
kor,South Korea,Asia,2015-01-01,82.61,50823087,28732.23108
kor,South Korea,Asia,2019-01-01,82.92,51225321,31610.919
lso,Lesotho,Africa,1960-01-01,53.28,837264,231.13696
lso,Lesotho,Africa,1965-01-01,53.58,922307,301.53106
lso,Lesotho,Africa,1970-01-01,54.61,1028930,308.64646
lso,Lesotho,Africa,1975-01-01,56.2,1160795,348.19858
lso,Lesotho,Africa,1980-01-01,58.48,1340258,482.98996
lso,Lesotho,Africa,1985-01-01,60,1526132,492.72801
lso,Lesotho,Africa,1990-01-01,60.63,1703757,567.05998
lso,Lesotho,Africa,1995-01-01,57.15,1898598,659.66803
lso,Lesotho,Africa,2000-01-01,48.47,2032805,715.00851
lso,Lesotho,Africa,2005-01-01,43.88,1996115,835.60978
lso,Lesotho,Africa,2010-01-01,48.12,1995575,995.58136
lso,Lesotho,Africa,2015-01-01,48.47,2059011,1146.06469
lso,Lesotho,Africa,2019-01-01,51.77,2125267,1096.21697
lux,Luxembourg,Europe,1960-01-01,68.94,314585,25509.9213
lux,Luxembourg,Europe,1965-01-01,69.62,330160,28161.93877
lux,Luxembourg,Europe,1970-01-01,70.15,339672,33394.55721
lux,Luxembourg,Europe,1975-01-01,71.15,353984,36418.41917
lux,Luxembourg,Europe,1980-01-01,72.63,364048,40156.94617
lux,Luxembourg,Europe,1985-01-01,73.88,366882,45084.73832
lux,Luxembourg,Europe,1990-01-01,75.25,381780,62086.98726
lux,Luxembourg,Europe,1995-01-01,76.64,408145,70426.7596
lux,Luxembourg,Europe,2000-01-01,78.01,436106,88025.83966
lux,Luxembourg,Europe,2005-01-01,79.55,457848,95483.07764
lux,Luxembourg,Europe,2010-01-01,81.02,507890,98859.0833
lux,Luxembourg,Europe,2015-01-01,82.34,566741,101376.49657
lux,Luxembourg,Europe,2019-01-01,82.92,615730,104583.7159
mdg,Madagascar,Africa,1960-01-01,44.83,5099368,814.10797
mdg,Madagascar,Africa,1965-01-01,46.87,5769215,770.00693
mdg,Madagascar,Africa,1970-01-01,48.44,6576305,848.71437
mdg,Madagascar,Africa,1975-01-01,52.03,7556032,762.36671
mdg,Madagascar,Africa,1980-01-01,54.9,8716549,707.85355
mdg,Madagascar,Africa,1985-01-01,54.79,10063493,563.47799
mdg,Madagascar,Africa,1990-01-01,55.92,11598647,559.75498
mdg,Madagascar,Africa,1995-01-01,57.92,13475403,473.96276
mdg,Madagascar,Africa,2000-01-01,59.52,15766806,487.66025
mdg,Madagascar,Africa,2005-01-01,61.1,18336722,471.19502
mdg,Madagascar,Africa,2010-01-01,62.57,21151640,469.24061
mdg,Madagascar,Africa,2015-01-01,64.16,24234080,467.23555
mdg,Madagascar,Africa,2019-01-01,65.48,26969306,488.91386
mex,Mexico,Americas,1960-01-01,57.15,37771861,3741.92977
mex,Mexico,Americas,1965-01-01,59.87,44123863,4561.13604
mex,Mexico,Americas,1970-01-01,61.44,51493565,5290.20428
mex,Mexico,Americas,1975-01-01,64.21,59607947,6191.80955
mex,Mexico,Americas,1980-01-01,66.19,67761367,7677.2031
mex,Mexico,Americas,1985-01-01,68.62,75983486,7538.47354
mex,Mexico,Americas,1990-01-01,70.85,83943135,7460.69661
mex,Mexico,Americas,1995-01-01,72.35,91663290,7390.71472
mex,Mexico,Americas,2000-01-01,74.21,98899845,8861.86957
mex,Mexico,Americas,2005-01-01,75.01,106005199,8877.85129
mex,Mexico,Americas,2010-01-01,75.25,114092961,8878.56138
mex,Mexico,Americas,2015-01-01,75.73,121858251,9616.64556
mex,Mexico,Americas,2019-01-01,75.63,127575529,9832.45748
mmr,Myanmar,Asia,1960-01-01,38.74,21736947,131.43922
mmr,Myanmar,Asia,1965-01-01,40.76,24259356,145.4247
mmr,Myanmar,Asia,1970-01-01,43.09,27269063,140.71435
mmr,Myanmar,Asia,1975-01-01,47.02,30611093,145.28009
mmr,Myanmar,Asia,1980-01-01,50.57,34224316,176.65073
mmr,Myanmar,Asia,1985-01-01,53.38,37977087,201.44308
mmr,Myanmar,Asia,1990-01-01,55.42,41335188,166.13987
mmr,Myanmar,Asia,1995-01-01,56.96,43901598,207.72568
mmr,Myanmar,Asia,2000-01-01,58.93,46719698,293.2675
mmr,Myanmar,Asia,2005-01-01,61.38,48949931,512.6354
mmr,Myanmar,Asia,2010-01-01,64.76,50600827,839.19711
mmr,Myanmar,Asia,2015-01-01,67.73,52680724,1144.47434
mmr,Myanmar,Asia,2019-01-01,69.46,54045422,1362.72544
mwi,Malawi,Africa,1960-01-01,37.71,3659980,178.8129
mwi,Malawi,Africa,1965-01-01,39.55,4134464,197.28176
mwi,Malawi,Africa,1970-01-01,42.05,4703783,219.82924
mwi,Malawi,Africa,1975-01-01,45.55,5384798,275.75844
mwi,Malawi,Africa,1980-01-01,48.83,6250434,301.05823
mwi,Malawi,Africa,1985-01-01,50.16,7268271,287.21602
mwi,Malawi,Africa,1990-01-01,49.38,9404499,248.77129
mwi,Malawi,Africa,1995-01-01,46.33,9844418,275.20465
mwi,Malawi,Africa,2000-01-01,45.9,11148751,294.34392
mwi,Malawi,Africa,2005-01-01,48.88,12625950,289.04686
mwi,Malawi,Africa,2010-01-01,56.32,14539609,358.9409
mwi,Malawi,Africa,2015-01-01,62.04,16745305,380.59699
mwi,Malawi,Africa,2019-01-01,64.71,18628749,402.54311
mys,Malaysia,Asia,1960-01-01,62.82,8156342,1235.23979
mys,Malaysia,Asia,1965-01-01,65.51,9526558,1474.77312
mys,Malaysia,Asia,1970-01-01,67.29,10804131,1747.86479
mys,Malaysia,Asia,1975-01-01,67.51,12162189,2279.35875
mys,Malaysia,Asia,1980-01-01,70.48,13798094,3026.37217
mys,Malaysia,Asia,1985-01-01,70.03,15598924,3437.12776
mys,Malaysia,Asia,1990-01-01,71.91,18029824,4139.11079
mys,Malaysia,Asia,1995-01-01,71.82,20487604,5727.11506
mys,Malaysia,Asia,2000-01-01,73,23194252,6392.58085
mys,Malaysia,Asia,2005-01-01,74.12,25690615,7274.9711
mys,Malaysia,Asia,2010-01-01,74.44,28208028,8247.78226
mys,Malaysia,Asia,2015-01-01,75.04,30270965,9955.24272
mys,Malaysia,Asia,2019-01-01,75.04,31949789,11391.69172
ner,Niger,Africa,1960-01-01,40.33,3388774,768.01813
ner,Niger,Africa,1965-01-01,42.32,3914118,898.12542
ner,Niger,Africa,1970-01-01,43.05,4510645,760.03264
ner,Niger,Africa,1975-01-01,43.14,5184940,581.21358
ner,Niger,Africa,1980-01-01,44.94,5989000,647.45946
ner,Niger,Africa,1985-01-01,45.46,6915994,492.58214
ner,Niger,Africa,1990-01-01,47.41,8026592,481.07024
ner,Niger,Africa,1995-01-01,48.57,9490289,432.58306
ner,Niger,Africa,2000-01-01,51.85,11331561,399.14326
ner,Niger,Africa,2005-01-01,55.62,13624474,411.20015
ner,Niger,Africa,2010-01-01,59.05,16464025,443.42956
ner,Niger,Africa,2015-01-01,60.64,20001663,484.23863
ner,Niger,Africa,2019-01-01,62.51,23310719,523.65878
nga,Nigeria,Africa,1960-01-01,46.81,45138460,1433.91992
nga,Nigeria,Africa,1965-01-01,48.15,50127920,1609.64235
nga,Nigeria,Africa,1970-01-01,49.05,55982142,1782.75107
nga,Nigeria,Africa,1975-01-01,52.01,63374289,2064.6645
nga,Nigeria,Africa,1980-01-01,54.06,73423646,2159.91539
nga,Nigeria,Africa,1985-01-01,54.91,83562776,1433.43406
nga,Nigeria,Africa,1990-01-01,54.69,95212454,1588.5023
nga,Nigeria,Africa,1995-01-01,54.63,107948339,1414.10138
nga,Nigeria,Africa,2000-01-01,54.63,122283853,1450.78384
nga,Nigeria,Africa,2005-01-01,56.63,138865014,1948.04844
nga,Nigeria,Africa,2010-01-01,59.64,158503203,2403.64526
nga,Nigeria,Africa,2015-01-01,62.11,181137454,2687.48006
nga,Nigeria,Africa,2019-01-01,64.34,200963603,2502.65228
nic,Nicaragua,Americas,1960-01-01,53.6,1773132,1680.99035
nic,Nicaragua,Americas,1965-01-01,57.19,2068379,2329.8529
nic,Nicaragua,Americas,1970-01-01,58.08,2406523,2414.60523
nic,Nicaragua,Americas,1975-01-01,62.65,2806859,2652.51064
nic,Nicaragua,Americas,1980-01-01,66.37,3265520,1842.5713
nic,Nicaragua,Americas,1985-01-01,63.31,3734343,1663.12099
nic,Nicaragua,Americas,1990-01-01,72.72,4173435,1257.58899
nic,Nicaragua,Americas,1995-01-01,71.46,4652185,1232.31311
nic,Nicaragua,Americas,2000-01-01,73.73,5069310,1444.94769
nic,Nicaragua,Americas,2005-01-01,73.46,5438692,1573.04778
nic,Nicaragua,Americas,2010-01-01,74.37,5824058,1679.0045
nic,Nicaragua,Americas,2015-01-01,74.91,6223234,2049.85167
nic,Nicaragua,Americas,2019-01-01,75.38,6545503,1984.79344
nld,Netherlands,Europe,1960-01-01,73.5,11448815,14271.12963
nld,Netherlands,Europe,1965-01-01,73.69,12248333,17416.24934
nld,Netherlands,Europe,1970-01-01,73.73,13001941,21354.2581
nld,Netherlands,Europe,1975-01-01,74.68,13683287,24000.10418
nld,Netherlands,Europe,1980-01-01,75.88,14148410,26355.07088
nld,Netherlands,Europe,1985-01-01,76.49,14513947,27209.27476
nld,Netherlands,Europe,1990-01-01,77.16,14965442,31093.54487
nld,Netherlands,Europe,1995-01-01,77.69,15467852,33683.19507
nld,Netherlands,Europe,2000-01-01,78.28,15926188,40440.67534
nld,Netherlands,Europe,2005-01-01,79.63,16367153,42184.80696
nld,Netherlands,Europe,2010-01-01,80.95,16682927,44372.65591
nld,Netherlands,Europe,2015-01-01,81.66,16938492,45175.23189
nld,Netherlands,Europe,2019-01-01,81.74,17097123,48424.25384
nor,Norway,Europe,1960-01-01,73.4,3582508,19134.05988
nor,Norway,Europe,1965-01-01,73.64,3724457,23074.75689
nor,Norway,Europe,1970-01-01,74.25,3876049,26630.95052
nor,Norway,Europe,1975-01-01,75.12,4008026,32686.09264
nor,Norway,Europe,1980-01-01,75.96,4086070,40059.98021
nor,Norway,Europe,1985-01-01,76.35,4153111,46717.22069
nor,Norway,Europe,1990-01-01,76.86,4247286,49741.42576
nor,Norway,Europe,1995-01-01,78.04,4366996,58151.59918
nor,Norway,Europe,2000-01-01,78.9,4499375,67437.74336
nor,Norway,Europe,2005-01-01,80.37,4632359,73036.74036
nor,Norway,Europe,2010-01-01,81.3,4885878,72426.56522
nor,Norway,Europe,2015-01-01,82.41,5199827,74355.51586
nor,Norway,Europe,2019-01-01,82.9,5378859,76085.24552
npl,Nepal,Asia,1960-01-01,44.61,10105060,328.48419
npl,Nepal,Asia,1965-01-01,47.16,10972912,340.09079
npl,Nepal,Asia,1970-01-01,49.27,12074628,351.27423
npl,Nepal,Asia,1975-01-01,50.51,13420367,345.73412
npl,Nepal,Asia,1980-01-01,51.85,15016408,346.93206
npl,Nepal,Asia,1985-01-01,54.73,16858315,392.47146
npl,Nepal,Asia,1990-01-01,58.32,18905480,437.53573
npl,Nepal,Asia,1995-01-01,61.83,21576074,493.6546
npl,Nepal,Asia,2000-01-01,65.39,23941099,562.30313
npl,Nepal,Asia,2005-01-01,67.69,25744500,617.79399
npl,Nepal,Asia,2010-01-01,69.04,27013207,731.66181
npl,Nepal,Asia,2015-01-01,69.35,27015033,901.74961
npl,Nepal,Asia,2019-01-01,71.07,28608715,1069.7891
pak,Pakistan,Asia,1960-01-01,51.32,44988690,379.02652
pak,Pakistan,Asia,1965-01-01,54.62,50917975,478.76373
pak,Pakistan,Asia,1970-01-01,57.08,58142062,588.98949
pak,Pakistan,Asia,1975-01-01,59.03,66816875,599.69201
pak,Pakistan,Asia,1980-01-01,60.24,78054346,693.35049
pak,Pakistan,Asia,1985-01-01,60.88,92191505,814.68392
pak,Pakistan,Asia,1990-01-01,61.05,107647918,924.63474
pak,Pakistan,Asia,1995-01-01,60.34,123776835,1008.22476
pak,Pakistan,Asia,2000-01-01,61.04,142343583,1029.11259
pak,Pakistan,Asia,2005-01-01,61.05,160304007,1175.43745
pak,Pakistan,Asia,2010-01-01,63.27,179424643,1238.87348
pak,Pakistan,Asia,2015-01-01,64.42,199426953,1356.66783
pak,Pakistan,Asia,2019-01-01,65.86,216565317,1487.35722
pan,Panama,Americas,1960-01-01,65.88,1133005,2708.60094
pan,Panama,Americas,1965-01-01,67.48,1314679,3468.02624
pan,Panama,Americas,1970-01-01,68.1,1519286,4348.57171
pan,Panama,Americas,1975-01-01,71.63,1745142,4766.33144
pan,Panama,Americas,1980-01-01,74.21,1978489,5606.99116
pan,Panama,Americas,1985-01-01,75.35,2219200,5920.36405
pan,Panama,Americas,1990-01-01,76.42,2470946,5142.22
pan,Panama,Americas,1995-01-01,76.54,2739667,6059.81881
pan,Panama,Americas,2000-01-01,77.98,3030333,6955.27312
pan,Panama,Americas,2005-01-01,78.22,3330222,7815.21161
pan,Panama,Americas,2010-01-01,78.5,3642691,10232.32721
pan,Panama,Americas,2015-01-01,79.26,3968490,13630.32287
pan,Panama,Americas,2019-01-01,80.03,4246440,15069.06582
per,Peru,Americas,1960-01-01,47.26,10155011,2709.49344
per,Peru,Americas,1965-01-01,54.12,11711402,3258.23119
per,Peru,Americas,1970-01-01,48.63,13459789,3415.01305
per,Peru,Americas,1975-01-01,63.4,15424745,3910.5972
per,Peru,Americas,1980-01-01,65.1,17547612,3757.08694
per,Peru,Americas,1985-01-01,65.94,19772871,3326.76028
per,Peru,Americas,1990-01-01,69.24,22071433,2700.00636
per,Peru,Americas,1995-01-01,71.49,24299168,3165.48997
per,Peru,Americas,2000-01-01,74.61,26459944,3303.50094
per,Peru,Americas,2005-01-01,77.16,27866140,3867.5274
per,Peru,Americas,2010-01-01,77.32,29027680,5177.84128
per,Peru,Americas,2015-01-01,79.4,30470739,6229.10067
per,Peru,Americas,2019-01-01,80.25,32510462,6611.49276
phl,Philippines,Asia,1960-01-01,61.26,26269741,1206.94072
phl,Philippines,Asia,1965-01-01,62.55,30909997,1323.30249
phl,Philippines,Asia,1970-01-01,62.69,35803591,1432.01124
phl,Philippines,Asia,1975-01-01,64.11,41285741,1643.91076
phl,Philippines,Asia,1980-01-01,65.74,47357741,1923.74487
phl,Philippines,Asia,1985-01-01,66.51,54275836,1574.25285
phl,Philippines,Asia,1990-01-01,68.41,61895169,1739.66476
phl,Philippines,Asia,1995-01-01,69.77,69784087,1717.56457
phl,Philippines,Asia,2000-01-01,70.31,77991757,1830.91325
phl,Philippines,Asia,2005-01-01,70.31,86326251,2077.76798
phl,Philippines,Asia,2010-01-01,70.58,93966784,2433.00852
phl,Philippines,Asia,2015-01-01,70.91,102113206,3001.04318
phl,Philippines,Asia,2019-01-01,71.84,108116622,3664.79067
png,Papua New Guinea,Oceania,1960-01-01,53.68,2255858,1160.85013
png,Papua New Guinea,Oceania,1965-01-01,56.15,2485433,1482.74888
png,Papua New Guinea,Oceania,1970-01-01,59.02,2783132,1826.27999
png,Papua New Guinea,Oceania,1975-01-01,61.09,3139944,1969.51167
png,Papua New Guinea,Oceania,1980-01-01,62.15,3571209,1821.79374
png,Papua New Guinea,Oceania,1985-01-01,62.23,4081022,1706.66564
png,Papua New Guinea,Oceania,1990-01-01,62.61,4615843,1597.40473
png,Papua New Guinea,Oceania,1995-01-01,63.22,5187063,2146.54082
png,Papua New Guinea,Oceania,2000-01-01,63.14,5847590,1883.9339
png,Papua New Guinea,Oceania,2005-01-01,62.21,6494902,1887.67318
png,Papua New Guinea,Oceania,2010-01-01,62.78,7310512,2235.09632
png,Papua New Guinea,Oceania,2015-01-01,63.93,8107772,2679.34658
png,Papua New Guinea,Oceania,2019-01-01,64.66,8776119,2853.90544
prt,Portugal,Europe,1960-01-01,64.73,8844638,3933.36258
prt,Portugal,Europe,1965-01-01,65.9,8862277,5269.52705
prt,Portugal,Europe,1970-01-01,67.39,8651334,7655.66487
prt,Portugal,Europe,1975-01-01,69.32,9172240,9055.36468
prt,Portugal,Europe,1980-01-01,71.75,9750966,10812.60253
prt,Portugal,Europe,1985-01-01,73.26,9929176,11010.66418
prt,Portugal,Europe,1990-01-01,74.28,9895358,14566.42917
prt,Portugal,Europe,1995-01-01,75.47,10091322,15782.63468
prt,Portugal,Europe,2000-01-01,76.84,10297117,18787.47406
prt,Portugal,Europe,2005-01-01,78.75,10508494,19216.30507
prt,Portugal,Europe,2010-01-01,80.24,10596055,19662.45203
prt,Portugal,Europe,2015-01-01,81.54,10368346,19242.36647
prt,Portugal,Europe,2019-01-01,81.72,10226178,21567.93597
pry,Paraguay,Americas,1960-01-01,69.07,1903990,1491.93916
pry,Paraguay,Americas,1965-01-01,70.48,2172309,1672.9273
pry,Paraguay,Americas,1970-01-01,70.82,2474757,1888.46042
pry,Paraguay,Americas,1975-01-01,71.4,2791236,2341.47162
pry,Paraguay,Americas,1980-01-01,73.07,3181627,3447.5792
pry,Paraguay,Americas,1985-01-01,74.5,3676206,3346.66904
pry,Paraguay,Americas,1990-01-01,75.79,4223413,3879.37065
pry,Paraguay,Americas,1995-01-01,75.39,4776838,4261.82856
pry,Paraguay,Americas,2000-01-01,75.62,5323202,3904.30236
pry,Paraguay,Americas,2005-01-01,75.59,5824095,3922.55853
pry,Paraguay,Americas,2010-01-01,75.74,6248017,4767.2779
pry,Paraguay,Americas,2015-01-01,76.49,6688746,5413.77602
pry,Paraguay,Americas,2019-01-01,76.61,7044639,5774.16616
rwa,Rwanda,Africa,1960-01-01,42.24,2935575,345.15926
rwa,Rwanda,Africa,1965-01-01,42.85,3235536,281.8571
rwa,Rwanda,Africa,1970-01-01,43.58,3757351,349.67082
rwa,Rwanda,Africa,1975-01-01,45.02,4364709,313.6301
rwa,Rwanda,Africa,1980-01-01,48.43,5153314,430.74484
rwa,Rwanda,Africa,1985-01-01,51.49,6146884,410.72712
rwa,Rwanda,Africa,1990-01-01,50.01,7288883,372.38008
rwa,Rwanda,Africa,1995-01-01,46.41,5836490,296.72815
rwa,Rwanda,Africa,2000-01-01,50.51,7933688,344.93998
rwa,Rwanda,Africa,2005-01-01,58.22,8840220,456.59075
rwa,Rwanda,Africa,2010-01-01,64.54,10039338,599.20743
rwa,Rwanda,Africa,2015-01-01,67.39,11369066,751.07739
rwa,Rwanda,Africa,2019-01-01,68.65,12626938,885.59961
sdn,Sudan,Africa,1960-01-01,49.76,7544498,897.40187
sdn,Sudan,Africa,1965-01-01,50.53,8770094,859.01501
sdn,Sudan,Africa,1970-01-01,51.6,10281695,794.90849
sdn,Sudan,Africa,1975-01-01,52.8,12144128,857.47876
sdn,Sudan,Africa,1980-01-01,54.8,14507466,815.64169
sdn,Sudan,Africa,1985-01-01,52.17,17210182,714.99829
sdn,Sudan,Africa,1990-01-01,58.66,20147592,772.95796
sdn,Sudan,Africa,1995-01-01,61.29,24094741,870.29701
sdn,Sudan,Africa,2000-01-01,63.26,27275019,1017.28626
sdn,Sudan,Africa,2005-01-01,65.48,30949514,1206.51193
sdn,Sudan,Africa,2010-01-01,67.44,34545014,1489.87409
sdn,Sudan,Africa,2015-01-01,69.03,38902948,2019.49888
sdn,Sudan,Africa,2019-01-01,70.49,42813237,2018.40804
sen,Senegal,Africa,1960-01-01,46.91,3206757,1199.15263
sen,Senegal,Africa,1965-01-01,47.1,3682879,1151.56684
sen,Senegal,Africa,1970-01-01,47.87,4257508,1091.54584
sen,Senegal,Africa,1975-01-01,49.91,4929846,1059.49607
sen,Senegal,Africa,1980-01-01,52.92,5583157,1059.75161
sen,Senegal,Africa,1985-01-01,56.22,6471329,1053.88792
sen,Senegal,Africa,1990-01-01,58.61,7526306,1016.34462
sen,Senegal,Africa,1995-01-01,59.17,8690155,978.31075
sen,Senegal,Africa,2000-01-01,60.63,9797731,1066.62164
sen,Senegal,Africa,2005-01-01,63.19,11090123,1133.71699
sen,Senegal,Africa,2010-01-01,65.67,12678143,1149.64647
sen,Senegal,Africa,2015-01-01,66.98,14578450,1219.24942
sen,Senegal,Africa,2019-01-01,68.47,16296362,1381.60179
sgp,Singapore,Asia,1960-01-01,65.55,1633133,3609.58944
sgp,Singapore,Asia,1965-01-01,67.4,1877826,4211.77186
sgp,Singapore,Asia,1970-01-01,69.01,2072284,6992.62787
sgp,Singapore,Asia,1975-01-01,70.52,2259721,9967.04042
sgp,Singapore,Asia,1980-01-01,71.72,2411690,13943.83865
sgp,Singapore,Asia,1985-01-01,73.45,2705537,17136.99905
sgp,Singapore,Asia,1990-01-01,75.61,3012968,23255.98397
sgp,Singapore,Asia,1995-01-01,77.13,3525964,30366.68618
sgp,Singapore,Asia,2000-01-01,79.39,4028872,34876.66603
sgp,Singapore,Asia,2005-01-01,81.31,4265693,41726.11407
sgp,Singapore,Asia,2010-01-01,82.76,5131170,48668.57662
sgp,Singapore,Asia,2015-01-01,84.14,5592143,55646.61875
sgp,Singapore,Asia,2019-01-01,84.85,5804343,61173.90477
sle,Sierra Leone,Africa,1960-01-01,42.7,2317638,496.99051
sle,Sierra Leone,Africa,1965-01-01,44.17,2508226,568.37944
sle,Sierra Leone,Africa,1970-01-01,45.74,2744890,635.45811
sle,Sierra Leone,Africa,1975-01-01,47.36,3037158,645.14079
sle,Sierra Leone,Africa,1980-01-01,48.35,3388494,646.24044
sle,Sierra Leone,Africa,1985-01-01,49.33,3805304,598.58255
sle,Sierra Leone,Africa,1990-01-01,51.09,4319763,553.71797
sle,Sierra Leone,Africa,1995-01-01,50.6,4303953,421.27927
sle,Sierra Leone,Africa,2000-01-01,51.63,4584570,403.04987
sle,Sierra Leone,Africa,2005-01-01,53.28,5645629,471.88816
sle,Sierra Leone,Africa,2010-01-01,55.99,6415636,535.82074
sle,Sierra Leone,Africa,2015-01-01,58.67,7171909,588.22886
sle,Sierra Leone,Africa,2019-01-01,61.78,7813207,651.89774
sur,Suriname,Americas,1960-01-01,62.97,287870,3612.21505
sur,Suriname,Americas,1965-01-01,64.81,328939,4335.73786
sur,Suriname,Americas,1970-01-01,65.85,367926,5981.34397
sur,Suriname,Americas,1975-01-01,66.21,359234,6412.42163
sur,Suriname,Americas,1980-01-01,66.77,359531,7423.55754
sur,Suriname,Americas,1985-01-01,69.07,368636,7143.28904
sur,Suriname,Americas,1990-01-01,68.94,405169,6591.93598
sur,Suriname,Americas,1995-01-01,70.91,441851,6012.84057
sur,Suriname,Americas,2000-01-01,69.8,470944,6202.41627
sur,Suriname,Americas,2005-01-01,70.64,499461,7550.37857
sur,Suriname,Americas,2010-01-01,72.29,529126,8941.99324
sur,Suriname,Americas,2015-01-01,72.45,559136,9168.23716
sur,Suriname,Americas,2019-01-01,72.71,581363,9035.19701
swe,Sweden,Europe,1960-01-01,73.41,7482536,16525.36105
swe,Sweden,Europe,1965-01-01,74.19,7745678,20583.86673
swe,Sweden,Europe,1970-01-01,74.83,8054909,24388.29821
swe,Sweden,Europe,1975-01-01,75.26,8197341,27202.34389
swe,Sweden,Europe,1980-01-01,76.07,8316331,28654.97106
swe,Sweden,Europe,1985-01-01,77.09,8357650,31472.59161
swe,Sweden,Europe,1990-01-01,77.95,8567375,34570.30573
swe,Sweden,Europe,1995-01-01,79.12,8836421,34648.11892
swe,Sweden,Europe,2000-01-01,80,8881642,41117.15243
swe,Sweden,Europe,2005-01-01,80.98,9038627,45990.37433
swe,Sweden,Europe,2010-01-01,81.86,9390157,48369.91004
swe,Sweden,Europe,2015-01-01,82.55,9764949,51545.48361
swe,Sweden,Europe,2019-01-01,82.83,10036391,53490.35182
syc,Seychelles,Africa,1960-01-01,63.64,41611,3163.8797
syc,Seychelles,Africa,1965-01-01,63.89,46787,3305.67027
syc,Seychelles,Africa,1970-01-01,65.73,52371,3926.67054
syc,Seychelles,Africa,1975-01-01,68.91,59584,4983.23834
syc,Seychelles,Africa,1980-01-01,71.06,66237,6843.50097
syc,Seychelles,Africa,1985-01-01,71.25,69772,6874.6917
syc,Seychelles,Africa,1990-01-01,70.56,70572,8433.49158
syc,Seychelles,Africa,1995-01-01,70.95,76653,8955.91677
syc,Seychelles,Africa,2000-01-01,72.2,80998,10946.70408
syc,Seychelles,Africa,2005-01-01,72.24,88652,10566.55274
syc,Seychelles,Africa,2010-01-01,73.21,91273,12080.94101
syc,Seychelles,Africa,2015-01-01,73.41,94981,14745.34146
syc,Seychelles,Africa,2019-01-01,73.56,97741,15913.77484
tcd,Chad,Africa,1960-01-01,47.41,3001604,565.35217
tcd,Chad,Africa,1965-01-01,48.47,3309583,528.66672
tcd,Chad,Africa,1970-01-01,48.36,3643608,514.91633
tcd,Chad,Africa,1975-01-01,50.42,4088568,475.63481
tcd,Chad,Africa,1980-01-01,50.77,4514427,333.16161
tcd,Chad,Africa,1985-01-01,52.36,5095400,451.74053
tcd,Chad,Africa,1990-01-01,53.54,5963250,419.44651
tcd,Chad,Africa,1995-01-01,53.46,7010159,393.07794
tcd,Chad,Africa,2000-01-01,52.25,8355654,374.96962
tcd,Chad,Africa,2005-01-01,53.73,10096630,676.16211
tcd,Chad,Africa,2010-01-01,56.5,11952134,724.03059
tcd,Chad,Africa,2015-01-01,58.75,14110971,776.01975
tcd,Chad,Africa,2019-01-01,60.38,15946882,660.06993
tgo,Togo,Africa,1960-01-01,46.95,1580508,339.00344
tgo,Togo,Africa,1965-01-01,48.58,1708631,505.73765
tgo,Togo,Africa,1970-01-01,51.42,2115522,562.64801
tgo,Togo,Africa,1975-01-01,53.7,2410451,592.6431
tgo,Togo,Africa,1980-01-01,55.77,2720835,663.68008
tgo,Togo,Africa,1985-01-01,57.11,3252997,545.357
tgo,Togo,Africa,1990-01-01,57.98,3774310,531.28457
tgo,Togo,Africa,1995-01-01,57.55,4226293,476.29605
tgo,Togo,Africa,2000-01-01,56.38,4924406,505.50089
tgo,Togo,Africa,2005-01-01,56.91,5611643,467.81885
tgo,Togo,Africa,2010-01-01,59.5,6421674,483.2361
tgo,Togo,Africa,2015-01-01,62.38,7323162,570.90997
tgo,Togo,Africa,2019-01-01,65.03,8082359,630.79051
tha,Thailand,Asia,1960-01-01,60.87,27397208,580.67031
tha,Thailand,Asia,1965-01-01,62.85,31822656,707.10793
tha,Thailand,Asia,1970-01-01,64.15,36884525,945.06401
tha,Thailand,Asia,1975-01-01,65.49,42326307,1088.96578
tha,Thailand,Asia,1980-01-01,66.5,47374463,1428.13982
tha,Thailand,Asia,1985-01-01,70.03,52026901,1695.40124
tha,Thailand,Asia,1990-01-01,71.29,56558196,2546.84685
tha,Thailand,Asia,1995-01-01,70.72,59467272,3592.5008
tha,Thailand,Asia,2000-01-01,71.81,62952639,3517.79891
tha,Thailand,Asia,2005-01-01,74.75,65416189,4412.44429
tha,Thailand,Asia,2010-01-01,77,67195032,5163.59766
tha,Thailand,Asia,2015-01-01,78.19,68714519,5840.05307
tha,Thailand,Asia,2019-01-01,78.42,69625581,6617.54282
tto,Trinidad and Tobago,Americas,1960-01-01,64.32,847973,4348.25156
tto,Trinidad and Tobago,Americas,1965-01-01,65.13,911742,5423.02841
tto,Trinidad and Tobago,Americas,1970-01-01,65.35,945357,6214.8351
tto,Trinidad and Tobago,Americas,1975-01-01,66.78,1010934,6651.7842
tto,Trinidad and Tobago,Americas,1980-01-01,67.64,1084743,9056.40806
tto,Trinidad and Tobago,Americas,1985-01-01,68.31,1170296,7386.13692
tto,Trinidad and Tobago,Americas,1990-01-01,69.6,1221121,6319.99823
tto,Trinidad and Tobago,Americas,1995-01-01,69.82,1254200,7459.75736
tto,Trinidad and Tobago,Americas,2000-01-01,70.47,1267159,10619.92786
tto,Trinidad and Tobago,Americas,2005-01-01,71.93,1296497,15312.7211
tto,Trinidad and Tobago,Americas,2010-01-01,73.73,1328144,18105.34475
tto,Trinidad and Tobago,Americas,2015-01-01,74.92,1370332,18214.46062
tto,Trinidad and Tobago,Americas,2019-01-01,74.88,1394969,16192.3235
tur,Turkey,Europe,1960-01-01,49.53,27472339,2509.62346
tur,Turkey,Europe,1965-01-01,53.39,30972996,2811.42384
tur,Turkey,Europe,1970-01-01,57.13,34876296,3336.49171
tur,Turkey,Europe,1975-01-01,60.74,39277249,3926.33946
tur,Turkey,Europe,1980-01-01,64.06,43975972,3941.58017
tur,Turkey,Europe,1985-01-01,66.65,49133928,4473.30838
tur,Turkey,Europe,1990-01-01,68.75,53921758,5354.80453
tur,Turkey,Europe,1995-01-01,70.85,58486453,5782.25312
tur,Turkey,Europe,2000-01-01,74.73,63240196,6543.73145
tur,Turkey,Europe,2005-01-01,76.81,67903461,7738.57822
tur,Turkey,Europe,2010-01-01,76.72,72326992,8491.58865
tur,Turkey,Europe,2015-01-01,77.36,78529413,11006.27952
tur,Turkey,Europe,2019-01-01,78.4,83429607,11956.19782
ury,Uruguay,Americas,1960-01-01,68.32,2538648,6132.49433
ury,Uruguay,Americas,1965-01-01,68.44,2694537,6043.46674
ury,Uruguay,Americas,1970-01-01,68.47,2809799,6352.03663
ury,Uruguay,Americas,1975-01-01,69.31,2830172,6795.2262
ury,Uruguay,Americas,1980-01-01,70.6,2915389,8239.05777
ury,Uruguay,Americas,1985-01-01,72.27,3011519,6579.10637
ury,Uruguay,Americas,1990-01-01,73.17,3109598,7704.67467
ury,Uruguay,Americas,1995-01-01,73.68,3224275,9012.81585
ury,Uruguay,Americas,2000-01-01,74.77,3319734,10083.464
ury,Uruguay,Americas,2005-01-01,75.54,3321799,10169.59687
ury,Uruguay,Americas,2010-01-01,76.53,3359273,13433.06207
ury,Uruguay,Americas,2015-01-01,77.14,3412013,15613.74597
ury,Uruguay,Americas,2019-01-01,77.53,3461731,16036.2964
usa,United States,Americas,1960-01-01,70.06,186720570,19135.26818
usa,United States,Americas,1965-01-01,70.37,199733679,22696.67858
usa,United States,Americas,1970-01-01,70.93,209513340,25279.18879
usa,United States,Americas,1975-01-01,72.73,219081250,27362.99749
usa,United States,Americas,1980-01-01,73.96,229476360,31142.19368
usa,United States,Americas,1985-01-01,74.91,240499822,34986.35687
usa,United States,Americas,1990-01-01,75.72,252120309,39278.59535
usa,United States,Americas,1995-01-01,76.08,265163741,41794.19221
usa,United States,Americas,2000-01-01,77.03,281710914,48689.03129
usa,United States,Americas,2005-01-01,77.73,294993509,52796.08982
usa,United States,Americas,2010-01-01,78.89,309011469,52759.99808
usa,United States,Americas,2015-01-01,78.99,320878312,56863.3715
usa,United States,Americas,2019-01-01,78.93,329064917,60836.77145
vct,St. Vincent and the Grenadines,Americas,1960-01-01,60.97,80970,1842.54726
vct,St. Vincent and the Grenadines,Americas,1965-01-01,63.41,86009,1843.15453
vct,St. Vincent and the Grenadines,Americas,1970-01-01,64.78,90501,1922.88559
vct,St. Vincent and the Grenadines,Americas,1975-01-01,66.59,95665,1765.09716
vct,St. Vincent and the Grenadines,Americas,1980-01-01,68.56,100566,2439.78108
vct,St. Vincent and the Grenadines,Americas,1985-01-01,69.99,104503,2967.13175
vct,St. Vincent and the Grenadines,Americas,1990-01-01,70.11,107489,3784.99506
vct,St. Vincent and the Grenadines,Americas,1995-01-01,70.47,108043,4377.30031
vct,St. Vincent and the Grenadines,Americas,2000-01-01,71.11,107787,4998.50977
vct,St. Vincent and the Grenadines,Americas,2005-01-01,72.6,108617,6166.32463
vct,St. Vincent and the Grenadines,Americas,2010-01-01,73.11,108260,6617.65496
vct,St. Vincent and the Grenadines,Americas,2015-01-01,72.57,109135,6921.70248
vct,St. Vincent and the Grenadines,Americas,2019-01-01,72.95,110593,7217.2848
zaf,South Africa,Africa,1960-01-01,53.93,17099836,3509.08159
zaf,South Africa,Africa,1965-01-01,55.19,19384838,4197.87488
zaf,South Africa,Africa,1970-01-01,56.69,22069783,4738.45716
zaf,South Africa,Africa,1975-01-01,58.3,25195184,4965.00282
zaf,South Africa,Africa,1980-01-01,59.52,28556771,5101.28396
zaf,South Africa,Africa,1985-01-01,61.92,32678876,4768.07589
zaf,South Africa,Africa,1990-01-01,64.18,36800507,4598.60989
zaf,South Africa,Africa,1995-01-01,62.93,41435761,4261.29175
zaf,South Africa,Africa,2000-01-01,55.58,44967713,4505.8964
zaf,South Africa,Africa,2005-01-01,52.1,47880595,5107.07681
zaf,South Africa,Africa,2010-01-01,57.07,51216967,5561.47929
zaf,South Africa,Africa,2015-01-01,62.26,55386369,5734.63342
zaf,South Africa,Africa,2019-01-01,65.14,58558267,5574.64389
zmb,Zambia,Africa,1960-01-01,49.56,3070780,1219.7873
zmb,Zambia,Africa,1965-01-01,51.21,3570466,1401.62744
zmb,Zambia,Africa,1970-01-01,53.5,4179062,1289.20947
zmb,Zambia,Africa,1975-01-01,55.13,4943279,1225.06836
zmb,Zambia,Africa,1980-01-01,55.63,5851818,1054.03827
zmb,Zambia,Africa,1985-01-01,55.15,6923148,912.66979
zmb,Zambia,Africa,1990-01-01,51.94,8036849,851.18484
zmb,Zambia,Africa,1995-01-01,46.82,9096608,741.79026
zmb,Zambia,Africa,2000-01-01,45.34,10415942,773.72073
zmb,Zambia,Africa,2005-01-01,48.73,11856244,918.31035
zmb,Zambia,Africa,2010-01-01,56.54,13605986,1214.69499
zmb,Zambia,Africa,2015-01-01,60.8,15879370,1338.29093
zmb,Zambia,Africa,2019-01-01,63.18,17861034,1348.74322
zwe,Zimbabwe,Africa,1960-01-01,55.54,3776679,1164.74025
zwe,Zimbabwe,Africa,1965-01-01,56.59,4471178,1169.48941
zwe,Zimbabwe,Africa,1970-01-01,58.04,5289312,1528.25755
zwe,Zimbabwe,Africa,1975-01-01,59.33,6293875,1625.85277
zwe,Zimbabwe,Africa,1980-01-01,60.4,7408630,1486.219
zwe,Zimbabwe,Africa,1985-01-01,62.96,8877489,1526.5079
zwe,Zimbabwe,Africa,1990-01-01,62.38,10432409,1623.93018
zwe,Zimbabwe,Africa,1995-01-01,54.19,11410721,1576.08693
zwe,Zimbabwe,Africa,2000-01-01,47.5,11881482,1696.75326
zwe,Zimbabwe,Africa,2005-01-01,46.76,12076697,1137.30318
zwe,Zimbabwe,Africa,2010-01-01,52.32,12697728,1110.44701
zwe,Zimbabwe,Africa,2015-01-01,58.58,13814642,1445.0697
zwe,Zimbabwe,Africa,2019-01-01,61.04,14645473,1367.67691
