"country","name","continent","year","lifeExp","pop","gdpPercap"
"1","arg","Argentina","Americas",1960-01-01,65.26,20481781,5642.76459
"2","arg","Argentina","Americas",1965-01-01,66.13,22159644,6286.23105
"3","arg","Argentina","Americas",1970-01-01,66.13,23880564,7084.18059
"4","arg","Argentina","Americas",1975-01-01,68.03,25865775,7617.94345
"5","arg","Argentina","Americas",1980-01-01,70.23,27896532,7908.02148
"6","arg","Argentina","Americas",1985-01-01,71.73,30216284,6904.6439
"7","arg","Argentina","Americas",1990-01-01,72.47,32618648,6245.70915
"8","arg","Argentina","Americas",1995-01-01,73.44,34828168,7666.53044
"9","arg","Argentina","Americas",2000-01-01,74.22,36870796,8224.11082
"10","arg","Argentina","Americas",2005-01-01,75.28,38892924,8577.86654
"11","arg","Argentina","Americas",2010-01-01,75.94,40895751,10385.96443
"12","arg","Argentina","Americas",2015-01-01,76.5,43075416,10568.15781
"13","arg","Argentina","Americas",2019-01-01,76.58,44780675,9742.45542
"14","aus","Australia","Oceania",1960-01-01,71.11,10242070,19378.32528
"15","aus","Australia","Oceania",1965-01-01,71.1,11313186,21861.92968
"16","aus","Australia","Oceania",1970-01-01,71.15,12793030,26120.62107
"17","aus","Australia","Oceania",1975-01-01,72.51,13773290,27513.8157
"18","aus","Australia","Oceania",1980-01-01,74.51,14588400,29907.79666
"19","aus","Australia","Oceania",1985-01-01,75.59,15663672,32045.31233
"20","aus","Australia","Oceania",1990-01-01,77,16960600,35911.37208
"21","aus","Australia","Oceania",1995-01-01,78.29,17993083,38095.12901
"22","aus","Australia","Oceania",2000-01-01,79.72,18991434,44334.41639
"23","aus","Australia","Oceania",2005-01-01,81.24,20178543,48813.91641
"24","aus","Australia","Oceania",2010-01-01,82.12,22154687,52022.1256
"25","aus","Australia","Oceania",2015-01-01,82.73,23932499,55079.89234
"26","aus","Australia","Oceania",2019-01-01,82.89,25203200,57183.37935
"27","aut","Austria","Europe",1960-01-01,68.96,7070773,13031.03177
"28","aut","Austria","Europe",1965-01-01,70.09,7305154,15648.52691
"29","aut","Austria","Europe",1970-01-01,70.21,7516238,19573.86716
"30","aut","Austria","Europe",1975-01-01,71.44,7637686,23387.70675
"31","aut","Austria","Europe",1980-01-01,72.84,7609750,27595.83514
"32","aut","Austria","Europe",1985-01-01,74.26,7614874,29623.43446
"33","aut","Austria","Europe",1990-01-01,75.97,7723954,33888.99598
"34","aut","Austria","Europe",1995-01-01,77.03,7990113,36537.99352
"35","aut","Austria","Europe",2000-01-01,78.49,8069276,42001.21077
"36","aut","Austria","Europe",2005-01-01,79.75,8253656,44637.85601
"37","aut","Austria","Europe",2010-01-01,80.79,8409945,46858.04327
"38","aut","Austria","Europe",2015-01-01,81.57,8678667,47789.38502
"39","aut","Austria","Europe",2019-01-01,82.16,8955108,50536.66415
"40","bdi","Burundi","Africa",1960-01-01,43.92,2797925,213.39741
"41","bdi","Burundi","Africa",1965-01-01,45.31,3094378,208.84614
"42","bdi","Burundi","Africa",1970-01-01,45.96,3479070,263.64425
"43","bdi","Burundi","Africa",1975-01-01,47.19,3700879,254.67601
"44","bdi","Burundi","Africa",1980-01-01,48.49,4157296,277.44758
"45","bdi","Burundi","Africa",1985-01-01,49.33,4750832,312.87243
"46","bdi","Burundi","Africa",1990-01-01,48.72,5438959,327.98655
"47","bdi","Burundi","Africa",1995-01-01,43.35,5987044,262.37502
"48","bdi","Burundi","Africa",2000-01-01,44.69,6378871,229.2061
"49","bdi","Burundi","Africa",2005-01-01,50.3,7364857,221.09652
"50","bdi","Burundi","Africa",2010-01-01,58.55,8675606,234.23553
"51","bdi","Burundi","Africa",2015-01-01,61.75,10160034,228.43245
"52","bdi","Burundi","Africa",2019-01-01,63.83,11530577,208.07478
"53","bel","Belgium","Europe",1960-01-01,70.07,9167361,13021.65232
"54","bel","Belgium","Europe",1965-01-01,70.76,9443948,16079.05177
"55","bel","Belgium","Europe",1970-01-01,71.1,9632179,19807.72539
"56","bel","Belgium","Europe",1975-01-01,72.15,9771582,23300.76641
"57","bel","Belgium","Europe",1980-01-01,73.33,9868999,27069.43583
"58","bel","Belgium","Europe",1985-01-01,74.61,9916577,28374.66445
"59","bel","Belgium","Europe",1990-01-01,76.15,10006545,32671.64524
"60","bel","Belgium","Europe",1995-01-01,77.01,10186304,34767.02891
"61","bel","Belgium","Europe",2000-01-01,78.04,10282046,39588.59788
"62","bel","Belgium","Europe",2005-01-01,79.32,10546885,42641.69358
"63","bel","Belgium","Europe",2010-01-01,80.23,10938735,44141.87814
"64","bel","Belgium","Europe",2015-01-01,81.09,11287931,45507.23106
"65","bel","Belgium","Europe",2019-01-01,81.41,11539326,47611.9137
"66","ben","Benin","Africa",1960-01-01,44.78,2431617,711.93786
"67","ben","Benin","Africa",1965-01-01,46.76,2632361,770.40827
"68","ben","Benin","Africa",1970-01-01,48.54,2912338,795.15641
"69","ben","Benin","Africa",1975-01-01,50.76,3265167,757.80986
"70","ben","Benin","Africa",1980-01-01,52.71,3717161,812.09922
"71","ben","Benin","Africa",1985-01-01,53.94,4278502,880.4565
"72","ben","Benin","Africa",1990-01-01,55.73,4978489,833.61348
"73","ben","Benin","Africa",1995-01-01,56.89,5905552,863.47159
"74","ben","Benin","Africa",2000-01-01,57.39,6865946,949.73702
"75","ben","Benin","Africa",2005-01-01,58.81,7982223,989.3726
"76","ben","Benin","Africa",2010-01-01,61.1,9199254,1036.53459
"77","ben","Benin","Africa",2015-01-01,62.64,10575962,1128.9954
"78","ben","Benin","Africa",2019-01-01,64.49,11801151,1259.80817
"79","bfa","Burkina Faso","Africa",1960-01-01,39.54,4829289,268.74405
"80","bfa","Burkina Faso","Africa",1965-01-01,41.95,5174874,290.18957
"81","bfa","Burkina Faso","Africa",1970-01-01,44.06,5624592,307.53584
"82","bfa","Burkina Faso","Africa",1975-01-01,46.04,6154554,326.70905
"83","bfa","Burkina Faso","Africa",1980-01-01,48.64,6822837,350.92105
"84","bfa","Burkina Faso","Africa",1985-01-01,50.64,7727908,378.50907
"85","bfa","Burkina Faso","Africa",1990-01-01,50.67,8811033,384.0685
"86","bfa","Burkina Faso","Africa",1995-01-01,50.66,10089880,406.31099
"87","bfa","Burkina Faso","Africa",2000-01-01,52.48,11607951,489.45498
"88","bfa","Burkina Faso","Africa",2005-01-01,55.3,13421935,576.37153
"89","bfa","Burkina Faso","Africa",2010-01-01,57.94,15605211,647.8361
"90","bfa","Burkina Faso","Africa",2015-01-01,59.9,18110616,726.71283
"91","bfa","Burkina Faso","Africa",2019-01-01,61.67,20321383,822.20371
"92","bgd","Bangladesh","Asia",1960-01-01,43.82,48013505,372.03174
"93","bgd","Bangladesh","Asia",1965-01-01,45.87,55385114,404.7881
"94","bgd","Bangladesh","Asia",1970-01-01,42.2,64232486,411.18439
"95","bgd","Bangladesh","Asia",1975-01-01,50.62,70066310,332.88806
"96","bgd","Bangladesh","Asia",1980-01-01,53.22,79639498,359.45627
"97","bgd","Bangladesh","Asia",1985-01-01,53.75,90764180,388.64434
"98","bgd","Bangladesh","Asia",1990-01-01,58.19,103171957,411.16466
"99","bgd","Bangladesh","Asia",1995-01-01,62.24,115169933,459.61342
"100","bgd","Bangladesh","Asia",2000-01-01,65.47,127657862,524.94591
"101","bgd","Bangladesh","Asia",2005-01-01,67.44,139035505,617.54275
"102","bgd","Bangladesh","Asia",2010-01-01,70.04,147575433,781.15358
"103","bgd","Bangladesh","Asia",2015-01-01,73.59,156256287,1002.3888
"104","bgd","Bangladesh","Asia",2019-01-01,74.55,163046173,1287.8215
"105","bhs","Bahamas","Americas",1960-01-01,61.93,109532,17734.97694
"106","bhs","Bahamas","Americas",1965-01-01,63.28,140060,22863.59505
"107","bhs","Bahamas","Americas",1970-01-01,65.4,169376,25196.27015
"108","bhs","Bahamas","Americas",1975-01-01,68.21,188895,16903.67625
"109","bhs","Bahamas","Americas",1980-01-01,68.62,210589,26701.32769
"110","bhs","Bahamas","Americas",1985-01-01,70.21,234579,28786.23276
"111","bhs","Bahamas","Americas",1990-01-01,70.86,256227,29686.578
"112","bhs","Bahamas","Americas",1995-01-01,70.77,280179,27018.95783
"113","bhs","Bahamas","Americas",2000-01-01,71.25,298045,31571.38199
"114","bhs","Bahamas","Americas",2005-01-01,73.18,324848,31443.43554
"115","bhs","Bahamas","Americas",2010-01-01,73.24,354936,28443.88848
"116","bhs","Bahamas","Americas",2015-01-01,73.35,374200,27583.85102
"117","bhs","Bahamas","Americas",2019-01-01,73.36,389486,28908.25169
"118","blz","Belize","Americas",1960-01-01,63.93,92068,1079.32252
"119","blz","Belize","Americas",1965-01-01,66.43,106120,1191.38209
"120","blz","Belize","Americas",1970-01-01,67.51,122184,1345.23508
"121","blz","Belize","Americas",1975-01-01,69.56,133264,1751.51833
"122","blz","Belize","Americas",1980-01-01,70.87,144142,2269.13772
"123","blz","Belize","Americas",1985-01-01,72.08,164918,2019.57041
"124","blz","Belize","Americas",1990-01-01,72.79,187554,2842.42487
"125","blz","Belize","Americas",1995-01-01,72.9,206962,3446.79432
"126","blz","Belize","Americas",2000-01-01,69.98,247310,3863.6802
"127","blz","Belize","Americas",2005-01-01,72.43,283798,4311.28628
"128","blz","Belize","Americas",2010-01-01,73.58,322465,4270.78003
"129","blz","Belize","Americas",2015-01-01,74.19,360926,4308.19014
"130","blz","Belize","Americas",2019-01-01,74.46,390351,4245.74393
"131","bol","Bolivia","Americas",1960-01-01,43,3656961,1005.40682
"132","bol","Bolivia","Americas",1965-01-01,46.17,4038865,1142.89154
"133","bol","Bolivia","Americas",1970-01-01,50.09,4484004,1399.51519
"134","bol","Bolivia","Americas",1975-01-01,53.66,5001413,1662.4844
"135","bol","Bolivia","Americas",1980-01-01,56.76,5579932,1649.25646
"136","bol","Bolivia","Americas",1985-01-01,59.14,6179460,1350.75407
"137","bol","Bolivia","Americas",1990-01-01,61.69,6864839,1356.54049
"138","bol","Bolivia","Americas",1995-01-01,64.02,7622334,1493.4192
"139","bol","Bolivia","Americas",2000-01-01,66.53,8418270,1601.41547
"140","bol","Bolivia","Americas",2005-01-01,68.97,9232301,1700.18366
"141","bol","Bolivia","Americas",2010-01-01,70.3,10048597,1955.46018
"142","bol","Bolivia","Americas",2015-01-01,71.3,10869732,2361.0561
"143","bol","Bolivia","Americas",2019-01-01,72.01,11513102,2579.89856
"144","bra","Brazil","Americas",1960-01-01,52.44,72179235,3417.35202
"145","bra","Brazil","Americas",1965-01-01,54.83,83373533,3692.84566
"146","bra","Brazil","Americas",1970-01-01,56.94,95113265,4704.31756
"147","bra","Brazil","Americas",1975-01-01,59.78,107216209,6805.29803
"148","bra","Brazil","Americas",1980-01-01,62.74,120694012,8349.48761
"149","bra","Brazil","Americas",1985-01-01,64.61,135274083,7862.70334
"150","bra","Brazil","Americas",1990-01-01,67.29,149003225,7983.74667
"151","bra","Brazil","Americas",1995-01-01,69.17,162019889,8540.07725
"152","bra","Brazil","Americas",2000-01-01,71.18,174790339,8803.15258
"153","bra","Brazil","Americas",2005-01-01,72.81,186127108,9535.41857
"154","bra","Brazil","Americas",2010-01-01,73.85,195713637,11286.2429
"155","bra","Brazil","Americas",2015-01-01,75.03,204471759,11431.15504
"156","bra","Brazil","Americas",2019-01-01,75.85,211049519,11203.27495
"157","bwa","Botswana","Africa",1960-01-01,54.36,502733,407.79204
"158","bwa","Botswana","Africa",1965-01-01,55.08,559996,497.23055
"159","bwa","Botswana","Africa",1970-01-01,56.49,627714,744.92419
"160","bwa","Botswana","Africa",1975-01-01,59.14,741346,1435.25666
"161","bwa","Botswana","Africa",1980-01-01,60.98,897860,2109.01472
"162","bwa","Botswana","Africa",1985-01-01,62.49,1069585,2849.45947
"163","bwa","Botswana","Africa",1990-01-01,61.32,1286756,4133.45831
"164","bwa","Botswana","Africa",1995-01-01,52.5,1469173,4525.77168
"165","bwa","Botswana","Africa",2000-01-01,45.52,1643333,5211.07698
"166","bwa","Botswana","Africa",2005-01-01,49.93,1799077,5686.7838
"167","bwa","Botswana","Africa",2010-01-01,56.98,1987106,6434.81249
"168","bwa","Botswana","Africa",2015-01-01,60.62,2120716,7613.69852
"169","bwa","Botswana","Africa",2019-01-01,62.25,2303703,8097.64495
"170","caf","Central African Republic","Africa",1960-01-01,45.76,1501668,599.70062
"171","caf","Central African Republic","Africa",1965-01-01,47.28,1639706,567.8847
"172","caf","Central African Republic","Africa",1970-01-01,48.12,1811157,601.91745
"173","caf","Central African Republic","Africa",1975-01-01,48.44,1958367,612.42244
"174","caf","Central African Republic","Africa",1980-01-01,49.17,2199359,562.76567
"175","caf","Central African Republic","Africa",1985-01-01,49.5,2542170,539.75883
"176","caf","Central African Republic","Africa",1990-01-01,48.09,2806740,488.55288
"177","caf","Central African Republic","Africa",1995-01-01,44.69,3222662,446.76659
"178","caf","Central African Republic","Africa",2000-01-01,43.79,3640421,422.86464
"179","caf","Central African Republic","Africa",2005-01-01,45.21,4038380,417.50214
"180","caf","Central African Republic","Africa",2010-01-01,47.81,4386765,488.42177
"181","caf","Central African Republic","Africa",2015-01-01,49.67,4493171,346.69375
"182","caf","Central African Republic","Africa",2019-01-01,52.35,4745179,384.25697
"183","chl","Chile","Americas",1960-01-01,54.2,8132988,3611.9188
"184","chl","Chile","Americas",1965-01-01,58.7,8989607,3920.2964
"185","chl","Chile","Americas",1970-01-01,61.99,9783134,4552.25559
"186","chl","Chile","Americas",1975-01-01,66.15,10592310,3856.03475
"187","chl","Chile","Americas",1980-01-01,69.44,11419350,5172.03484
"188","chl","Chile","Americas",1985-01-01,71.95,12257238,4697.51589
"189","chl","Chile","Americas",1990-01-01,73.43,13274617,5933.20975
"190","chl","Chile","Americas",1995-01-01,75.28,14380864,8004.31656
"191","chl","Chile","Americas",2000-01-01,76.93,15342350,9419.98479
"192","chl","Chile","Americas",2005-01-01,77.89,16182713,11225.0855
"193","chl","Chile","Americas",2010-01-01,78.61,17062531,12808.03834
"194","chl","Chile","Americas",2015-01-01,79.63,17969356,14722.36387
"195","chl","Chile","Americas",2019-01-01,80.16,18952035,15039.91634
"196","chn","China","Asia",1960-01-01,27.79,660408054,191.9572
"197","chn","China","Asia",1965-01-01,58.47,724218970,187.43675
"198","chn","China","Asia",1970-01-01,60.88,827601385,228.51535
"199","chn","China","Asia",1975-01-01,62.81,926240889,271.83459
"200","chn","China","Asia",1980-01-01,64.41,1000089228,347.18673
"201","chn","China","Asia",1985-01-01,66.59,1075589363,537.57751
"202","chn","China","Asia",1990-01-01,68.09,1176883681,729.28239
"203","chn","China","Asia",1995-01-01,69.75,1240920539,1224.85189
"204","chn","China","Asia",2000-01-01,71.33,1290550767,1767.85963
"205","chn","China","Asia",2005-01-01,72.98,1330776380,2732.26618
"206","chn","China","Asia",2010-01-01,74.92,1368810604,4550.45311
"207","chn","China","Asia",2015-01-01,76.77,1406847868,6500.41832
"208","chn","China","Asia",2019-01-01,77.59,1433783692,8242.05464
"209","civ","Cote d'Ivoire","Africa",1960-01-01,45.61,3503559,1225.52319
"210","civ","Cote d'Ivoire","Africa",1965-01-01,48.35,4226843,1474.83209
"211","civ","Cote d'Ivoire","Africa",1970-01-01,50.93,5102070,1940.40148
"212","civ","Cote d'Ivoire","Africa",1975-01-01,53.98,6412409,2107.52972
"213","civ","Cote d'Ivoire","Africa",1980-01-01,56.72,8033652,2061.28644
"214","civ","Cote d'Ivoire","Africa",1985-01-01,57.38,9918204,1691.93214
"215","civ","Cote d'Ivoire","Africa",1990-01-01,55.74,11924873,1491.12283
"216","civ","Cote d'Ivoire","Africa",1995-01-01,51.7,14199759,1346.9963
"217","civ","Cote d'Ivoire","Africa",2000-01-01,51.13,16454660,1356.58649
"218","civ","Cote d'Ivoire","Africa",2005-01-01,53.46,18354513,1216.18714
"219","civ","Cote d'Ivoire","Africa",2010-01-01,57.39,20532944,1213.113
"220","civ","Cote d'Ivoire","Africa",2015-01-01,61.07,23226148,1463.71021
"221","civ","Cote d'Ivoire","Africa",2019-01-01,64.25,25716554,1727.28302
"222","cmr","Cameroon","Africa",1960-01-01,27.54,5176920,957.26854
"223","cmr","Cameroon","Africa",1965-01-01,49.55,5773538,980.82676
"224","cmr","Cameroon","Africa",1970-01-01,51.54,6519754,930.99026
"225","cmr","Cameroon","Africa",1975-01-01,53.56,7451057,1123.29591
"226","cmr","Cameroon","Africa",1980-01-01,55.39,8621409,1323.42951
"227","cmr","Cameroon","Africa",1985-01-01,57.71,10070806,1770.14051
"228","cmr","Cameroon","Africa",1990-01-01,58.43,11780086,1343.51019
"229","cmr","Cameroon","Africa",1995-01-01,56.64,13599984,1055.26261
"230","cmr","Cameroon","Africa",2000-01-01,54.47,15513944,1146.57238
"231","cmr","Cameroon","Africa",2005-01-01,54.99,17733408,1243.0808
"232","cmr","Cameroon","Africa",2010-01-01,57.7,20341236,1286.51589
"233","cmr","Cameroon","Africa",2015-01-01,60.05,23298376,1441.78348
"234","cmr","Cameroon","Africa",2019-01-01,63.35,25876387,1518.31174
"235","cod","Congo, Dem. Rep.","Africa",1960-01-01,47.55,15248256,1038.93209
"236","cod","Congo, Dem. Rep.","Africa",1965-01-01,48.26,17369882,1021.60849
"237","cod","Congo, Dem. Rep.","Africa",1970-01-01,49.62,20011033,1066.7699
"238","cod","Congo, Dem. Rep.","Africa",1975-01-01,50.87,22903587,1048.55096
"239","cod","Congo, Dem. Rep.","Africa",1980-01-01,52.13,26358905,844.5032
"240","cod","Congo, Dem. Rep.","Africa",1985-01-01,53.67,29881222,816.14035
"241","cod","Congo, Dem. Rep.","Africa",1990-01-01,54.27,34612023,702.13476
"242","cod","Congo, Dem. Rep.","Africa",1995-01-01,53.64,41576239,401.18551
"243","cod","Congo, Dem. Rep.","Africa",2000-01-01,53.93,47105830,289.9863
"244","cod","Congo, Dem. Rep.","Africa",2005-01-01,56.14,54785894,300.56247
"245","cod","Congo, Dem. Rep.","Africa",2010-01-01,58.78,64563853,334.02158
"246","cod","Congo, Dem. Rep.","Africa",2015-01-01,62.65,76244532,411.02064
"247","cod","Congo, Dem. Rep.","Africa",2019-01-01,65.05,86790568,423.64025
"248","cog","Congo, Rep.","Africa",1960-01-01,43.74,1018254,1562.45193
"249","cog","Congo, Rep.","Africa",1965-01-01,45.4,1155389,1621.35508
"250","cog","Congo, Rep.","Africa",1970-01-01,47.23,1326894,1799.04722
"251","cog","Congo, Rep.","Africa",1975-01-01,49.71,1536658,2287.12436
"252","cog","Congo, Rep.","Africa",1980-01-01,52.75,1777932,2495.46303
"253","cog","Congo, Rep.","Africa",1985-01-01,55.58,2054308,3513.2192
"254","cog","Congo, Rep.","Africa",1990-01-01,53.97,2356740,3013.57482
"255","cog","Congo, Rep.","Africa",1995-01-01,52.32,2707532,2681.99699
"256","cog","Congo, Rep.","Africa",2000-01-01,53.05,3127420,2616.1217
"257","cog","Congo, Rep.","Africa",2005-01-01,56.99,3622775,2755.9281
"258","cog","Congo, Rep.","Africa",2010-01-01,60.87,4273738,3073.55778
"259","cog","Congo, Rep.","Africa",2015-01-01,63.52,4856093,3106.34077
"260","cog","Congo, Rep.","Africa",2019-01-01,65.43,5380504,2283.31921
"261","col","Colombia","Americas",1960-01-01,59.26,16057714,2339.44453
"262","col","Colombia","Americas",1965-01-01,61.58,18725242,2524.70319
"263","col","Colombia","Americas",1970-01-01,65.93,21480064,2879.25126
"264","col","Colombia","Americas",1975-01-01,66.27,24065502,3385.72406
"265","col","Colombia","Americas",1980-01-01,68.92,26900508,3931.0345
"266","col","Colombia","Americas",1985-01-01,67.21,29951194,3945.61301
"267","col","Colombia","Americas",1990-01-01,71.45,33102569,4467.3946
"268","col","Colombia","Americas",1995-01-01,72.55,36421438,5055.20769
"269","col","Colombia","Americas",2000-01-01,74.23,39629965,4862.87605
"270","col","Colombia","Americas",2005-01-01,76.52,42647731,5404.12224
"271","col","Colombia","Americas",2010-01-01,77.89,45222699,6336.70947
"272","col","Colombia","Americas",2015-01-01,79.69,47520667,7580.27571
"273","col","Colombia","Americas",2019-01-01,80.19,50339443,7843.54342
"274","cri","Costa Rica","Americas",1960-01-01,65.35,1330787,2893.59088
"275","cri","Costa Rica","Americas",1965-01-01,65.49,1592834,3113.47975
"276","cri","Costa Rica","Americas",1970-01-01,67.04,1847394,3732.06315
"277","cri","Costa Rica","Americas",1975-01-01,71.6,2094186,4413.98831
"278","cri","Costa Rica","Americas",1980-01-01,74.68,2389973,4993.62361
"279","cri","Costa Rica","Americas",1985-01-01,75.71,2736719,4422.76003
"280","cri","Costa Rica","Americas",1990-01-01,76.94,3119436,4855.3116
"281","cri","Costa Rica","Americas",1995-01-01,76.53,3545524,5561.84386
"282","cri","Costa Rica","Americas",2000-01-01,77.9,3962369,6170.95344
"283","cri","Costa Rica","Americas",2005-01-01,79.44,4285504,6916.62994
"284","cri","Costa Rica","Americas",2010-01-01,79.51,4577371,8227.12749
"285","cri","Costa Rica","Americas",2015-01-01,80.2,4847805,9356.92132
"286","cri","Costa Rica","Americas",2019-01-01,80.07,5047561,10170.15918
"287","dnk","Denmark","Europe",1960-01-01,72.51,4581099,20537.54611
"288","dnk","Denmark","Europe",1965-01-01,72.66,4760461,25542.16964
"289","dnk","Denmark","Europe",1970-01-01,73.57,4931239,30541.92958
"290","dnk","Denmark","Europe",1975-01-01,74.24,5062731,32302.67137
"291","dnk","Denmark","Europe",1980-01-01,74.39,5123945,36378.20799
"292","dnk","Denmark","Europe",1985-01-01,74.82,5114250,41720.67164
"293","dnk","Denmark","Europe",1990-01-01,75.23,5141117,44569.01306
"294","dnk","Denmark","Europe",1995-01-01,75.6,5232709,49122.86915
"295","dnk","Denmark","Europe",2000-01-01,77.16,5341192,55850.63076
"296","dnk","Denmark","Europe",2005-01-01,78.34,5421701,58792.66044
"297","dnk","Denmark","Europe",2010-01-01,79.52,5554849,58041.39844
"298","dnk","Denmark","Europe",2015-01-01,80.99,5688695,60402.12964
"299","dnk","Denmark","Europe",2019-01-01,81.13,5771877,65867.00172
"300","dom","Dominican Republic","Americas",1960-01-01,61.92,3294222,1323.8167
"301","dom","Dominican Republic","Americas",1965-01-01,61.62,3877768,1279.62805
"302","dom","Dominican Republic","Americas",1970-01-01,64.88,4499722,1699.03077
"303","dom","Dominican Republic","Americas",1975-01-01,67.18,5144632,2289.69541
"304","dom","Dominican Republic","Americas",1980-01-01,69.25,5803929,2621.47857
"305","dom","Dominican Republic","Americas",1985-01-01,70.24,6464229,2588.24537
"306","dom","Dominican Republic","Americas",1990-01-01,71.97,7133491,2695.98018
"307","dom","Dominican Republic","Americas",1995-01-01,73.71,7819239,3214.7463
"308","dom","Dominican Republic","Americas",2000-01-01,73.66,8471317,4051.50097
"309","dom","Dominican Republic","Americas",2005-01-01,72.56,9097262,4472.70998
"310","dom","Dominican Republic","Americas",2010-01-01,73.5,9695117,5555.39201
"311","dom","Dominican Republic","Americas",2015-01-01,72,10281675,6661.86828
"312","dom","Dominican Republic","Americas",2019-01-01,73.19,10738957,8002.44242
"313","dza","Algeria","Africa",1960-01-01,52.38,11057864,2481.7516
"314","dza","Algeria","Africa",1965-01-01,56.8,12550880,2290.65013
"315","dza","Algeria","Africa",1970-01-01,56.23,14464992,2708.46405
"316","dza","Algeria","Africa",1975-01-01,56.87,16607706,3124.41167
"317","dza","Algeria","Africa",1980-01-01,58.73,19221659,3643.68945
"318","dza","Algeria","Africa",1985-01-01,64.7,22431507,3949.44343
"319","dza","Algeria","Africa",1990-01-01,67.48,25758872,3572.28991
"320","dza","Algeria","Africa",1995-01-01,69.04,28757788,3240.98096
"321","dza","Algeria","Africa",2000-01-01,70.96,31042238,3557.62853
"322","dza","Algeria","Africa",2005-01-01,72.94,33149720,4290.52025
"323","dza","Algeria","Africa",2010-01-01,74.48,35977451,4480.78744
"324","dza","Algeria","Africa",2015-01-01,75.44,39728020,4777.41479
"325","dza","Algeria","Africa",2019-01-01,76.2,43053054,4701.27974
"326","ecu","Ecuador","Americas",1960-01-01,56.1,4543658,2238.01338
"327","ecu","Ecuador","Americas",1965-01-01,59.75,5243980,2422.40965
"328","ecu","Ecuador","Americas",1970-01-01,61.35,6069375,2487.73369
"329","ecu","Ecuador","Americas",1975-01-01,64.09,6994331,3388.72211
"330","ecu","Ecuador","Americas",1980-01-01,67.01,7989178,3681.51716
"331","ecu","Ecuador","Americas",1985-01-01,69.88,9066100,3664.69627
"332","ecu","Ecuador","Americas",1990-01-01,71.95,10230931,3716.26679
"333","ecu","Ecuador","Americas",1995-01-01,73.63,11455205,3842.59614
"334","ecu","Ecuador","Americas",2000-01-01,74.46,12681123,3663.66378
"335","ecu","Ecuador","Americas",2005-01-01,73.61,13825839,4258.42408
"336","ecu","Ecuador","Americas",2010-01-01,74.27,15011114,4633.59128
"337","ecu","Ecuador","Americas",2015-01-01,75.88,16212022,5330.5385
"338","ecu","Ecuador","Americas",2019-01-01,76.38,17373657,5094.95017
"339","egy","Egypt","Africa",1960-01-01,46.87,26632891,578.59965
"340","egy","Egypt","Africa",1965-01-01,50.67,30433024,715.14078
"341","egy","Egypt","Africa",1970-01-01,51.25,34513851,730.42302
"342","egy","Egypt","Africa",1975-01-01,54.43,38549133,803.09897
"343","egy","Egypt","Africa",1980-01-01,58.48,43309063,1102.78863
"344","egy","Egypt","Africa",1985-01-01,60.12,49258726,1395.81635
"345","egy","Egypt","Africa",1990-01-01,63.92,56134478,1557.55019
"346","egy","Egypt","Africa",1995-01-01,66.38,62334025,1659.04537
"347","egy","Egypt","Africa",2000-01-01,68.54,68831561,1981.8307
"348","egy","Egypt","Africa",2005-01-01,68.78,75523576,2148.75514
"349","egy","Egypt","Africa",2010-01-01,69.44,82761244,2645.96876
"350","egy","Egypt","Africa",2015-01-01,69.92,92442549,2704.91971
"351","egy","Egypt","Africa",2019-01-01,70.97,100388076,3010.15283
"352","esp","Spain","Europe",1960-01-01,69.45,30402413,7375.7029
"353","esp","Spain","Europe",1965-01-01,70.94,32146255,10600.72443
"354","esp","Spain","Europe",1970-01-01,72.02,33883749,13571.91764
"355","esp","Spain","Europe",1975-01-01,73.59,35879210,16626.35259
"356","esp","Spain","Europe",1980-01-01,75.51,37698200,17477.86818
"357","esp","Spain","Europe",1985-01-01,76.45,38733866,18254.6802
"358","esp","Spain","Europe",1990-01-01,76.96,39202524,22512.76099
"359","esp","Spain","Europe",1995-01-01,78.09,39787413,23737.48436
"360","esp","Spain","Europe",2000-01-01,79.47,40824745,28408.80677
"361","esp","Spain","Europe",2005-01-01,80.58,44019118,31028.99677
"362","esp","Spain","Europe",2010-01-01,82.08,46931011,30502.71971
"363","esp","Spain","Europe",2015-01-01,82.78,46671919,30549.79181
"364","esp","Spain","Europe",2019-01-01,83.09,46736782,33352.32896
"365","fin","Finland","Europe",1960-01-01,69.22,4434593,12184.92425
"366","fin","Finland","Europe",1965-01-01,69.56,4568604,15000.85484
"367","fin","Finland","Europe",1970-01-01,70.66,4612365,18267.45802
"368","fin","Finland","Europe",1975-01-01,72.17,4718744,22144.8906
"369","fin","Finland","Europe",1980-01-01,74.01,4788247,25512.08532
"370","fin","Finland","Europe",1985-01-01,74.88,4911220,28643.2682
"371","fin","Finland","Europe",1990-01-01,75.43,4996220,33359.65483
"372","fin","Finland","Europe",1995-01-01,76.94,5119012,31901.70984
"373","fin","Finland","Europe",2000-01-01,78.04,5187953,40403.202
"374","fin","Finland","Europe",2005-01-01,79.32,5258933,45358.34306
"375","fin","Finland","Europe",2010-01-01,80.4,5365784,46459.97325
"376","fin","Finland","Europe",2015-01-01,81.68,5481128,45647.66859
"377","fin","Finland","Europe",2019-01-01,81.87,5532159,49310.45706
"378","fji","Fiji","Oceania",1960-01-01,64.6,393480,1773.7819
"379","fji","Fiji","Oceania",1965-01-01,65.57,463960,1751.08882
"380","fji","Fiji","Oceania",1970-01-01,65.17,520561,2207.49068
"381","fji","Fiji","Oceania",1975-01-01,65.03,576626,2635.8538
"382","fji","Fiji","Oceania",1980-01-01,66.47,635312,2927.8658
"383","fji","Fiji","Oceania",1985-01-01,66.11,711770,2594.3079
"384","fji","Fiji","Oceania",1990-01-01,66.34,728575,2926.5645
"385","fji","Fiji","Oceania",1995-01-01,66.12,775428,3123.19532
"386","fji","Fiji","Oceania",2000-01-01,65.75,811011,3315.93405
"387","fji","Fiji","Oceania",2005-01-01,67.11,821606,3690.01478
"388","fji","Fiji","Oceania",2010-01-01,67.64,859816,3652.53593
"389","fji","Fiji","Oceania",2015-01-01,68.02,868632,4352.4412
"390","fji","Fiji","Oceania",2019-01-01,68.38,889955,4738.61864
"391","fra","France","Europe",1960-01-01,71.19,45673147,12743.91991
"392","fra","France","Europe",1965-01-01,71.83,48746653,15893.05261
"393","fra","France","Europe",1970-01-01,72.6,50763921,19984.58614
"394","fra","France","Europe",1975-01-01,73.34,52688575,23279.80603
"395","fra","France","Europe",1980-01-01,74.68,53868006,26877.73167
"396","fra","France","Europe",1985-01-01,75.77,55254838,28315.82702
"397","fra","France","Europe",1990-01-01,77.21,56666861,32524.04813
"398","fra","France","Europe",1995-01-01,78.19,57801887,33917.92336
"399","fra","France","Europe",2000-01-01,79.19,59015092,38309.44274
"400","fra","France","Europe",2005-01-01,80.56,61120128,40152.68968
"401","fra","France","Europe",2010-01-01,81.58,62879535,40638.33525
"402","fra","France","Europe",2015-01-01,82.52,64453194,41793.54471
"403","fra","France","Europe",2019-01-01,82.87,65129731,44192.81462
"404","gab","Gabon","Africa",1960-01-01,49.98,500922,4366.44382
"405","gab","Gabon","Africa",1965-01-01,51.69,533357,6076.99282
"406","gab","Gabon","Africa",1970-01-01,53.16,589317,7205.8702
"407","gab","Gabon","Africa",1975-01-01,55.56,647538,14747.18621
"408","gab","Gabon","Africa",1980-01-01,58.12,726335,12198.72845
"409","gab","Gabon","Africa",1985-01-01,59.78,827107,12097.57863
"410","gab","Gabon","Africa",1990-01-01,60.45,949493,11159.78937
"411","gab","Gabon","Africa",1995-01-01,60.41,1084951,11365.68275
"412","gab","Gabon","Africa",2000-01-01,59.59,1228359,10170.26473
"413","gab","Gabon","Africa",2005-01-01,61.11,1390550,9675.41958
"414","gab","Gabon","Africa",2010-01-01,63.27,1624146,8849.32261
"415","gab","Gabon","Africa",2015-01-01,66.27,1947690,9521.269
"416","gab","Gabon","Africa",2019-01-01,67.81,2172578,9177.52083
"417","gbr","United Kingdom","Europe",1960-01-01,71.17,52370595,13948.72213
"418","gbr","United Kingdom","Europe",1965-01-01,71.65,54240855,15782.81989
"419","gbr","United Kingdom","Europe",1970-01-01,72.08,55573455,17874.81342
"420","gbr","United Kingdom","Europe",1975-01-01,72.78,56152325,19556.10778
"421","gbr","United Kingdom","Europe",1980-01-01,73.79,56209164,21805.19881
"422","gbr","United Kingdom","Europe",1985-01-01,74.81,56413555,24391.52342
"423","gbr","United Kingdom","Europe",1990-01-01,75.85,57134377,28617.61831
"424","gbr","United Kingdom","Europe",1995-01-01,76.84,57932450,30596.36249
"425","gbr","United Kingdom","Europe",2000-01-01,77.97,58923305,35959.48604
"426","gbr","United Kingdom","Europe",2005-01-01,79.33,60287953,40044.90546
"427","gbr","United Kingdom","Europe",2010-01-01,80.58,63459801,39536.77268
"428","gbr","United Kingdom","Europe",2015-01-01,81.05,65860149,42121.67682
"429","gbr","United Kingdom","Europe",2019-01-01,81.07,67530161,43592.41452
"430","gha","Ghana","Africa",1960-01-01,51.03,6635229,1056.7265
"431","gha","Ghana","Africa",1965-01-01,53,7739463,1055.26811
"432","gha","Ghana","Africa",1970-01-01,54.46,8735493,1077.13957
"433","gha","Ghana","Africa",1975-01-01,56.27,9985946,930.66723
"434","gha","Ghana","Africa",1980-01-01,57.53,11056112,881.15752
"435","gha","Ghana","Africa",1985-01-01,58.17,12783617,745.85876
"436","gha","Ghana","Africa",1990-01-01,59.37,14773274,816.07779
"437","gha","Ghana","Africa",1995-01-01,59.89,17014058,873.88568
"438","gha","Ghana","Africa",2000-01-01,59.61,19278850,952.8036
"439","gha","Ghana","Africa",2005-01-01,60.01,21814648,1076.61783
"440","gha","Ghana","Africa",2010-01-01,61.79,24779614,1299.34521
"441","gha","Ghana","Africa",2015-01-01,64.22,27849203,1624.34119
"442","gha","Ghana","Africa",2019-01-01,66.31,30417858,1880.26208
"443","grc","Greece","Europe",1960-01-01,72.43,8273628,6223.0851
"444","grc","Greece","Europe",1965-01-01,73.01,8453819,9338.69992
"445","grc","Greece","Europe",1970-01-01,73.82,8663568,13279.29422
"446","grc","Greece","Europe",1975-01-01,74.63,9014091,16494.10101
"447","grc","Greece","Europe",1980-01-01,75.3,9627004,18981.5805
"448","grc","Greece","Europe",1985-01-01,75.86,9968233,18549.70103
"449","grc","Greece","Europe",1990-01-01,77.23,10225990,19220.35891
"450","grc","Greece","Europe",1995-01-01,77.75,10745502,19741.51855
"451","grc","Greece","Europe",2000-01-01,78.44,11082103,23079.02922
"452","grc","Greece","Europe",2005-01-01,79.43,11224800,27464.77057
"453","grc","Greece","Europe",2010-01-01,80.4,10887640,26690.60742
"454","grc","Greece","Europe",2015-01-01,80.92,10659737,22337.15052
"455","grc","Greece","Europe",2019-01-01,80.94,10473452,23503.5798
"456","gtm","Guatemala","Americas",1960-01-01,47.9,4210751,1467.06989
"457","gtm","Guatemala","Americas",1965-01-01,49.53,4869714,1638.58782
"458","gtm","Guatemala","Americas",1970-01-01,49.87,5621794,1897.29752
"459","gtm","Guatemala","Americas",1975-01-01,54.38,6433723,2215.45418
"460","gtm","Guatemala","Americas",1980-01-01,57.95,7283456,2603.6369
"461","gtm","Guatemala","Americas",1985-01-01,59.42,8240060,2150.0364
"462","gtm","Guatemala","Americas",1990-01-01,61.4,9263820,2162.38293
"463","gtm","Guatemala","Americas",1995-01-01,64.08,10408486,2345.9059
"464","gtm","Guatemala","Americas",2000-01-01,66.74,11650744,2527.43355
"465","gtm","Guatemala","Americas",2005-01-01,68.4,13096028,2626.12159
"466","gtm","Guatemala","Americas",2010-01-01,70.27,14630420,2852.54733
"467","gtm","Guatemala","Americas",2015-01-01,71.77,16252425,3159.60357
"468","gtm","Guatemala","Americas",2019-01-01,72.58,17581476,3364.77757
"469","guy","Guyana","Americas",1960-01-01,58.85,571813,2571.15163
"470","guy","Guyana","Americas",1965-01-01,60.28,651865,2577.85597
"471","guy","Guyana","Americas",1970-01-01,61.68,704930,2948.84762
"472","guy","Guyana","Americas",1975-01-01,61.22,745847,3286.77356
"473","guy","Guyana","Americas",1980-01-01,62.36,780153,3046.16566
"474","guy","Guyana","Americas",1985-01-01,62.61,770439,2463.51894
"475","guy","Guyana","Americas",1990-01-01,62.37,743306,2266.28979
"476","guy","Guyana","Americas",1995-01-01,63.1,761298,3118.36188
"477","guy","Guyana","Americas",2000-01-01,63.96,746718,3638.86701
"478","guy","Guyana","Americas",2005-01-01,64.39,746156,3727.3407
"479","guy","Guyana","Americas",2010-01-01,65.75,749430,4580.69914
"480","guy","Guyana","Americas",2015-01-01,66.41,767433,5269.88378
"481","guy","Guyana","Americas",2019-01-01,67.31,782775,6121.72152
"482","hnd","Honduras","Americas",1960-01-01,49.05,2038636,1095.99094
"483","hnd","Honduras","Americas",1965-01-01,54.39,2346005,1221.53432
"484","hnd","Honduras","Americas",1970-01-01,57.69,2716652,1309.80326
"485","hnd","Honduras","Americas",1975-01-01,62.45,3153252,1350.56819
"486","hnd","Honduras","Americas",1980-01-01,67.86,3678274,1589.8976
"487","hnd","Honduras","Americas",1985-01-01,68.86,4281167,1497.40218
"488","hnd","Honduras","Americas",1990-01-01,69.09,4955302,1561.2166
"489","hnd","Honduras","Americas",1995-01-01,69.45,5709010,1574.89693
"490","hnd","Honduras","Americas",2000-01-01,70.07,6574510,1607.67944
"491","hnd","Honduras","Americas",2005-01-01,70.89,7458982,1778.85079
"492","hnd","Honduras","Americas",2010-01-01,71.1,8317467,1904.34715
"493","hnd","Honduras","Americas",2015-01-01,69.9,9112904,2067.29276
"494","hnd","Honduras","Americas",2019-01-01,72.07,9746115,2244.45031
"495","hti","Haiti","Americas",1960-01-01,45.41,3866162,1512.00229
"496","hti","Haiti","Americas",1965-01-01,46.51,4258734,1417.017
"497","hti","Haiti","Americas",1970-01-01,47.96,4676237,1354.0162
"498","hti","Haiti","Americas",1975-01-01,49.73,5094570,1497.38493
"499","hti","Haiti","Americas",1980-01-01,51.28,5643175,1864.79185
"500","hti","Haiti","Americas",1985-01-01,53.05,6337275,1584.0442
"501","hti","Haiti","Americas",1990-01-01,54.57,7037915,1383.92738
"502","hti","Haiti","Americas",1995-01-01,55.35,7744509,1110.31038
"503","hti","Haiti","Americas",2000-01-01,57.43,8463802,1150.35993
"504","hti","Haiti","Americas",2005-01-01,59.05,9195289,1126.603
"505","hti","Haiti","Americas",2010-01-01,32.52,9949318,1172.09901
"506","hti","Haiti","Americas",2015-01-01,62.18,10695540,1260.60044
"507","hti","Haiti","Americas",2019-01-01,63.79,11263079,1245.01228
"508","idn","Indonesia","Asia",1960-01-01,44.8,87751066,690.36879
"509","idn","Indonesia","Asia",1965-01-01,43.5,100267070,665.66452
"510","idn","Indonesia","Asia",1970-01-01,53.67,114793179,772.12968
"511","idn","Indonesia","Asia",1975-01-01,56.92,130680730,949.07765
"512","idn","Indonesia","Asia",1980-01-01,59.71,147447834,1231.19515
"513","idn","Indonesia","Asia",1985-01-01,62.11,164982452,1386.73276
"514","idn","Indonesia","Asia",1990-01-01,64.05,181413398,1707.81839
"515","idn","Indonesia","Asia",1995-01-01,66.04,196934257,2220.07698
"516","idn","Indonesia","Asia",2000-01-01,67.24,211513822,2143.65951
"517","idn","Indonesia","Asia",2005-01-01,68.26,226289468,2524.22245
"518","idn","Indonesia","Asia",2010-01-01,69.34,241834226,3122.36267
"519","idn","Indonesia","Asia",2015-01-01,70.44,258383257,3824.27487
"520","idn","Indonesia","Asia",2019-01-01,71.39,270625567,4450.64082
"521","ind","India","Asia",1960-01-01,45.75,450547675,330.20532
"522","ind","India","Asia",1965-01-01,45.71,499123328,352.88905
"523","ind","India","Asia",1970-01-01,49.33,555189797,396.01169
"524","ind","India","Asia",1975-01-01,51.59,623102900,406.89253
"525","ind","India","Asia",1980-01-01,55.17,698952837,422.90384
"526","ind","India","Asia",1985-01-01,57.3,784360012,484.6437
"527","ind","India","Asia",1990-01-01,59.58,873277799,581.21826
"528","ind","India","Asia",1995-01-01,61.74,963922586,674.61956
"529","ind","India","Asia",2000-01-01,62.94,1056575548,826.59249
"530","ind","India","Asia",2005-01-01,65.39,1147609924,1040.31232
"531","ind","India","Asia",2010-01-01,67.28,1234281163,1357.56373
"532","ind","India","Asia",2015-01-01,69.36,1310152392,1751.66445
"533","ind","India","Asia",2019-01-01,70.77,1366417756,2152.21601
"534","irn","Iran","Asia",1960-01-01,44.48,21906909,2961.62466
"535","irn","Iran","Asia",1965-01-01,48.71,24954865,4320.32616
"536","irn","Iran","Asia",1970-01-01,54.51,28513872,6965.4439
"537","irn","Iran","Asia",1975-01-01,61.47,32729772,8973.89247
"538","irn","Iran","Asia",1980-01-01,64.7,38650244,4788.10836
"539","irn","Iran","Asia",1985-01-01,66.31,47347197,4765.23886
"540","irn","Iran","Asia",1990-01-01,66.68,56366212,4125.87339
"541","irn","Iran","Asia",1995-01-01,70.37,61442658,4455.30567
"542","irn","Iran","Asia",2000-01-01,71.94,65623397,4812.32148
"543","irn","Iran","Asia",2005-01-01,73.55,69762345,5735.61123
"544","irn","Iran","Asia",2010-01-01,75.45,73762519,6599.66094
"545","irn","Iran","Asia",2015-01-01,76.69,78492208,6070.18783
"546","irn","Iran","Asia",2019-01-01,77.76,82913893,5922.52843
"547","ita","Italy","Europe",1960-01-01,69.86,49699947,10878.98303
"548","ita","Italy","Europe",1965-01-01,70.87,51677247,13501.98896
"549","ita","Italy","Europe",1970-01-01,71.81,53518966,17671.33698
"550","ita","Italy","Europe",1975-01-01,72.86,55265280,20041.70189
"551","ita","Italy","Europe",1980-01-01,74.2,56349352,24475.52062
"552","ita","Italy","Europe",1985-01-01,75.79,56936776,26532.24299
"553","ita","Italy","Europe",1990-01-01,77.16,57048237,30871.28581
"554","ita","Italy","Europe",1995-01-01,78.22,57174412,32863.95623
"555","ita","Italy","Europe",2000-01-01,79.64,56692178,36329.24894
"556","ita","Italy","Europe",2005-01-01,80.99,58281209,37347.63593
"557","ita","Italy","Europe",2010-01-01,82.08,59325232,36000.52012
"558","ita","Italy","Europe",2015-01-01,82.74,60578489,33961.43619
"559","ita","Italy","Europe",2019-01-01,83.1,60550092,35998.9735
"560","jpn","Japan","Asia",1960-01-01,68.31,93673612,8541.59376
"561","jpn","Japan","Asia",1965-01-01,70.86,98447007,12715.1042
"562","jpn","Japan","Asia",1970-01-01,72.65,104929260,18870.09738
"563","jpn","Japan","Asia",1975-01-01,74.77,112413362,21837.26355
"564","jpn","Japan","Asia",1980-01-01,76.57,117816942,25849.04141
"565","jpn","Japan","Asia",1985-01-01,78.16,121883483,30625.82802
"566","jpn","Japan","Asia",1990-01-01,79.41,124505243,38092.6562
"567","jpn","Japan","Asia",1995-01-01,80.24,126365486,40358.09503
"568","jpn","Japan","Asia",2000-01-01,81.57,127524168,42169.73328
"569","jpn","Japan","Asia",2005-01-01,82.5,128326115,44393.62638
"570","jpn","Japan","Asia",2010-01-01,83.34,128542349,44507.67639
"571","jpn","Japan","Asia",2015-01-01,84.35,127985139,47102.58088
"572","jpn","Japan","Asia",2019-01-01,84.8,126860299,49000.25604
"573","ken","Kenya","Africa",1960-01-01,54.29,8120082,537.46088
"574","ken","Kenya","Africa",1965-01-01,56.31,9530163,538.42587
"575","ken","Kenya","Africa",1970-01-01,58.15,11301394,598.45743
"576","ken","Kenya","Africa",1975-01-01,60.24,13575898,792.26524
"577","ken","Kenya","Africa",1980-01-01,62.21,16417203,889.93679
"578","ken","Kenya","Africa",1985-01-01,63.39,19877078,832.4876
"579","ken","Kenya","Africa",1990-01-01,62.12,23724574,917.40821
"580","ken","Kenya","Africa",1995-01-01,57.04,27768297,848.14778
"581","ken","Kenya","Africa",2000-01-01,54.83,31964557,819.61543
"582","ken","Kenya","Africa",2005-01-01,56.51,36624897,855.22499
"583","ken","Kenya","Africa",2010-01-01,61.18,42030684,951.68778
"584","ken","Kenya","Africa",2015-01-01,64.42,47878339,1093.1341
"585","ken","Kenya","Africa",2019-01-01,66.51,52573967,1237.49764
"586","kor","South Korea","Asia",1960-01-01,59.11,25329521,932.04173
"587","kor","South Korea","Asia",1965-01-01,61.36,28895557,1155.71408
"588","kor","South Korea","Asia",1970-01-01,63.57,32195679,1793.44929
"589","kor","South Korea","Asia",1975-01-01,65.73,35378657,2635.76212
"590","kor","South Korea","Asia",1980-01-01,67.33,38045605,3679.10664
"591","kor","South Korea","Asia",1985-01-01,69.87,40804406,5398.11598
"592","kor","South Korea","Asia",1990-01-01,72.13,42918416,8495.57785
"593","kor","South Korea","Asia",1995-01-01,74.34,45292521,12163.34144
"594","kor","South Korea","Asia",2000-01-01,76.34,47379237,15414.29157
"595","kor","South Korea","Asia",2005-01-01,78.78,48701069,19225.01069
"596","kor","South Korea","Asia",2010-01-01,80.82,49545638,23087.22564
"597","kor","South Korea","Asia",2015-01-01,82.61,50823087,26063.70649
"598","kor","South Korea","Asia",2019-01-01,82.92,51225321,28675.03441
"599","lso","Lesotho","Africa",1960-01-01,53.28,837264,259.98603
"600","lso","Lesotho","Africa",1965-01-01,53.58,922307,339.1663
"601","lso","Lesotho","Africa",1970-01-01,54.61,1028930,347.16979
"602","lso","Lesotho","Africa",1975-01-01,56.2,1160795,391.65857
"603","lso","Lesotho","Africa",1980-01-01,58.48,1340258,543.27376
"604","lso","Lesotho","Africa",1985-01-01,60,1526132,554.22726
"605","lso","Lesotho","Africa",1990-01-01,60.63,1703757,637.83689
"606","lso","Lesotho","Africa",1995-01-01,57.15,1898598,742.0037
"607","lso","Lesotho","Africa",2000-01-01,48.47,2032805,804.25143
"608","lso","Lesotho","Africa",2005-01-01,43.88,1996115,939.90541
"609","lso","Lesotho","Africa",2010-01-01,48.12,1995575,1119.84364
"610","lso","Lesotho","Africa",2015-01-01,48.47,2059011,1289.10936
"611","lso","Lesotho","Africa",2019-01-01,51.77,2125267,1233.03996
"612","lux","Luxembourg","Europe",1960-01-01,68.94,314585,27085.591
"613","lux","Luxembourg","Europe",1965-01-01,69.62,330160,29901.41547
"614","lux","Luxembourg","Europe",1970-01-01,70.15,339672,35457.23673
"615","lux","Luxembourg","Europe",1975-01-01,71.15,353984,38667.87337
"616","lux","Luxembourg","Europe",1980-01-01,72.63,364048,42637.31773
"617","lux","Luxembourg","Europe",1985-01-01,73.88,366882,47869.48452
"618","lux","Luxembourg","Europe",1990-01-01,75.25,381780,65921.9103
"619","lux","Luxembourg","Europe",1995-01-01,76.64,408145,74776.80483
"620","lux","Luxembourg","Europe",2000-01-01,78.01,436106,93462.92616
"621","lux","Luxembourg","Europe",2005-01-01,79.55,457848,101380.77489
"622","lux","Luxembourg","Europe",2010-01-01,81.02,507890,104965.30608
"623","lux","Luxembourg","Europe",2015-01-01,82.34,566741,107638.21226
"624","lux","Luxembourg","Europe",2019-01-01,82.92,615730,111043.5317
"625","mdg","Madagascar","Africa",1960-01-01,44.83,5099368,818.82457
"626","mdg","Madagascar","Africa",1965-01-01,46.87,5769215,774.46803
"627","mdg","Madagascar","Africa",1970-01-01,48.44,6576305,853.63147
"628","mdg","Madagascar","Africa",1975-01-01,52.03,7556032,766.78354
"629","mdg","Madagascar","Africa",1980-01-01,54.9,8716549,711.95456
"630","mdg","Madagascar","Africa",1985-01-01,54.79,10063493,566.74254
"631","mdg","Madagascar","Africa",1990-01-01,55.92,11598647,562.99797
"632","mdg","Madagascar","Africa",1995-01-01,57.92,13475403,476.7087
"633","mdg","Madagascar","Africa",2000-01-01,59.52,15766806,490.48555
"634","mdg","Madagascar","Africa",2005-01-01,61.1,18336722,473.92493
"635","mdg","Madagascar","Africa",2010-01-01,62.57,21151640,471.9592
"636","mdg","Madagascar","Africa",2015-01-01,64.16,24234080,469.94252
"637","mdg","Madagascar","Africa",2019-01-01,65.48,26969306,491.74642
"638","mex","Mexico","Americas",1960-01-01,57.15,37771861,3907.49359
"639","mex","Mexico","Americas",1965-01-01,59.87,44123863,4762.94611
"640","mex","Mexico","Americas",1970-01-01,61.44,51493565,5524.27239
"641","mex","Mexico","Americas",1975-01-01,64.21,59607947,6465.7697
"642","mex","Mexico","Americas",1980-01-01,66.19,67761367,8016.88534
"643","mex","Mexico","Americas",1985-01-01,68.62,75983486,7872.01761
"644","mex","Mexico","Americas",1990-01-01,70.85,83943135,7790.79939
"645","mex","Mexico","Americas",1995-01-01,72.35,91663290,7717.72111
"646","mex","Mexico","Americas",2000-01-01,74.21,98899845,9253.96805
"647","mex","Mexico","Americas",2005-01-01,75.01,106005199,9270.65689
"648","mex","Mexico","Americas",2010-01-01,75.25,114092961,9271.3984
"649","mex","Mexico","Americas",2015-01-01,75.73,121858251,10042.13953
"650","mex","Mexico","Americas",2019-01-01,75.63,127575529,10267.50017
"651","mmr","Myanmar","Asia",1960-01-01,38.74,21736947,159.46484
"652","mmr","Myanmar","Asia",1965-01-01,40.76,24259356,176.43233
"653","mmr","Myanmar","Asia",1970-01-01,43.09,27269063,170.71764
"654","mmr","Myanmar","Asia",1975-01-01,47.02,30611093,176.25689
"655","mmr","Myanmar","Asia",1980-01-01,50.57,34224316,214.31641
"656","mmr","Myanmar","Asia",1985-01-01,53.38,37977087,244.39501
"657","mmr","Myanmar","Asia",1990-01-01,55.42,41335188,201.56442
"658","mmr","Myanmar","Asia",1995-01-01,56.96,43901598,252.01721
"659","mmr","Myanmar","Asia",2000-01-01,58.93,46719698,355.79836
"660","mmr","Myanmar","Asia",2005-01-01,61.38,48949931,621.94014
"661","mmr","Myanmar","Asia",2010-01-01,64.76,50600827,1018.13173
"662","mmr","Myanmar","Asia",2015-01-01,67.73,52680724,1388.50054
"663","mmr","Myanmar","Asia",2019-01-01,69.46,54045422,1653.2874
"664","mwi","Malawi","Africa",1960-01-01,37.71,3659980,238.45746
"665","mwi","Malawi","Africa",1965-01-01,39.55,4134464,263.08677
"666","mwi","Malawi","Africa",1970-01-01,42.05,4703783,293.15515
"667","mwi","Malawi","Africa",1975-01-01,45.55,5384798,367.74001
"668","mwi","Malawi","Africa",1980-01-01,48.83,6250434,401.47876
"669","mwi","Malawi","Africa",1985-01-01,50.16,7268271,383.01936
"670","mwi","Malawi","Africa",1990-01-01,49.38,9404499,331.75106
"671","mwi","Malawi","Africa",1995-01-01,46.33,9844418,367.0015
"672","mwi","Malawi","Africa",2000-01-01,45.9,11148751,392.52483
"673","mwi","Malawi","Africa",2005-01-01,48.88,12625950,385.46089
"674","mwi","Malawi","Africa",2010-01-01,56.32,14539609,478.66869
"675","mwi","Malawi","Africa",2015-01-01,62.04,16745305,507.54834
"676","mwi","Malawi","Africa",2019-01-01,64.71,18628749,536.81478
"677","mys","Malaysia","Asia",1960-01-01,62.82,8156342,1353.97245
"678","mys","Malaysia","Asia",1965-01-01,65.51,9526558,1616.53
"679","mys","Malaysia","Asia",1970-01-01,67.29,10804131,1915.87155
"680","mys","Malaysia","Asia",1975-01-01,67.51,12162189,2498.45331
"681","mys","Malaysia","Asia",1980-01-01,70.48,13798094,3317.27051
"682","mys","Malaysia","Asia",1985-01-01,70.03,15598924,3767.5084
"683","mys","Malaysia","Asia",1990-01-01,71.91,18029824,4536.96684
"684","mys","Malaysia","Asia",1995-01-01,71.82,20487604,6277.61189
"685","mys","Malaysia","Asia",2000-01-01,73,23194252,7007.04301
"686","mys","Malaysia","Asia",2005-01-01,74.12,25690615,7974.24961
"687","mys","Malaysia","Asia",2010-01-01,74.44,28208028,9040.56849
"688","mys","Malaysia","Asia",2015-01-01,75.04,30270965,10912.152
"689","mys","Malaysia","Asia",2019-01-01,75.04,31949789,12486.67411
"690","ner","Niger","Africa",1960-01-01,40.33,3388774,825.93602
"691","ner","Niger","Africa",1965-01-01,42.32,3914118,965.85499
"692","ner","Niger","Africa",1970-01-01,43.05,4510645,817.34833
"693","ner","Niger","Africa",1975-01-01,43.14,5184940,625.04414
"694","ner","Niger","Africa",1980-01-01,44.94,5989000,696.28577
"695","ner","Niger","Africa",1985-01-01,45.46,6915994,529.72881
"696","ner","Niger","Africa",1990-01-01,47.41,8026592,517.34879
"697","ner","Niger","Africa",1995-01-01,48.57,9490289,465.20508
"698","ner","Niger","Africa",2000-01-01,51.85,11331561,429.24352
"699","ner","Niger","Africa",2005-01-01,55.62,13624474,442.20964
"700","ner","Niger","Africa",2010-01-01,59.05,16464025,476.86953
"701","ner","Niger","Africa",2015-01-01,60.64,20001663,520.75611
"702","ner","Niger","Africa",2019-01-01,62.51,23310719,563.14901
"703","nga","Nigeria","Africa",1960-01-01,46.81,45138460,1360.41894
"704","nga","Nigeria","Africa",1965-01-01,48.15,50127920,1527.13405
"705","nga","Nigeria","Africa",1970-01-01,49.05,55982142,1691.36942
"706","nga","Nigeria","Africa",1975-01-01,52.01,63374289,1958.83232
"707","nga","Nigeria","Africa",1980-01-01,54.06,73423646,2049.20077
"708","nga","Nigeria","Africa",1985-01-01,54.91,83562776,1359.95798
"709","nga","Nigeria","Africa",1990-01-01,54.69,95212454,1507.07762
"710","nga","Nigeria","Africa",1995-01-01,54.63,107948339,1341.61627
"711","nga","Nigeria","Africa",2000-01-01,54.63,122283853,1376.41843
"712","nga","Nigeria","Africa",2005-01-01,56.63,138865014,1848.19385
"713","nga","Nigeria","Africa",2010-01-01,59.64,158503203,2280.43734
"714","nga","Nigeria","Africa",2015-01-01,62.11,181137454,2549.72311
"715","nga","Nigeria","Africa",2019-01-01,64.34,200963603,2374.36938
"716","nic","Nicaragua","Americas",1960-01-01,53.6,1773132,1505.65094
"717","nic","Nicaragua","Americas",1965-01-01,57.19,2068379,2086.83245
"718","nic","Nicaragua","Americas",1970-01-01,58.08,2406523,2162.7445
"719","nic","Nicaragua","Americas",1975-01-01,62.65,2806859,2375.83467
"720","nic","Nicaragua","Americas",1980-01-01,66.37,3265520,1650.37783
"721","nic","Nicaragua","Americas",1985-01-01,63.31,3734343,1489.64548
"722","nic","Nicaragua","Americas",1990-01-01,72.72,4173435,1126.4134
"723","nic","Nicaragua","Americas",1995-01-01,71.46,4652185,1103.77397
"724","nic","Nicaragua","Americas",2000-01-01,73.73,5069310,1294.22924
"725","nic","Nicaragua","Americas",2005-01-01,73.46,5438692,1408.96756
"726","nic","Nicaragua","Americas",2010-01-01,74.37,5824058,1503.87223
"727","nic","Nicaragua","Americas",2015-01-01,74.91,6223234,1836.03736
"728","nic","Nicaragua","Americas",2019-01-01,75.38,6545503,1777.76518
"729","nld","Netherlands","Europe",1960-01-01,73.5,11448815,16386.54549
"730","nld","Netherlands","Europe",1965-01-01,73.69,12248333,19997.8677
"731","nld","Netherlands","Europe",1970-01-01,73.73,13001941,24519.60924
"732","nld","Netherlands","Europe",1975-01-01,74.68,13683287,27557.65025
"733","nld","Netherlands","Europe",1980-01-01,75.88,14148410,30261.6947
"734","nld","Netherlands","Europe",1985-01-01,76.49,14513947,31242.51761
"735","nld","Netherlands","Europe",1990-01-01,77.16,14965442,35702.55479
"736","nld","Netherlands","Europe",1995-01-01,77.69,15467852,38676.06999
"737","nld","Netherlands","Europe",2000-01-01,78.28,15926188,46435.21455
"738","nld","Netherlands","Europe",2005-01-01,79.63,16367153,48437.87957
"739","nld","Netherlands","Europe",2010-01-01,80.95,16682927,50950.03434
"740","nld","Netherlands","Europe",2015-01-01,81.66,16938492,51871.57652
"741","nld","Netherlands","Europe",2019-01-01,81.74,17097123,55450.50042
"742","nor","Norway","Europe",1960-01-01,73.4,3582508,23167.44174
"743","nor","Norway","Europe",1965-01-01,73.64,3724457,27938.82163
"744","nor","Norway","Europe",1970-01-01,74.25,3876049,32244.64638
"745","nor","Norway","Europe",1975-01-01,75.12,4008026,39576.18779
"746","nor","Norway","Europe",1980-01-01,75.96,4086070,48504.46082
"747","nor","Norway","Europe",1985-01-01,76.35,4153111,56565.02047
"748","nor","Norway","Europe",1990-01-01,76.86,4247286,60226.71564
"749","nor","Norway","Europe",1995-01-01,78.04,4366996,70409.71935
"750","nor","Norway","Europe",2000-01-01,78.9,4499375,81653.34488
"751","nor","Norway","Europe",2005-01-01,80.37,4632359,88432.58764
"752","nor","Norway","Europe",2010-01-01,81.3,4885878,87693.79007
"753","nor","Norway","Europe",2015-01-01,82.41,5199827,90029.35564
"754","nor","Norway","Europe",2019-01-01,82.9,5378859,92123.70527
"755","npl","Nepal","Asia",1960-01-01,44.61,10105060,265.96226
"756","npl","Nepal","Asia",1965-01-01,47.16,10972912,275.35972
"757","npl","Nepal","Asia",1970-01-01,49.27,12074628,284.41456
"758","npl","Nepal","Asia",1975-01-01,50.51,13420367,279.92893
"759","npl","Nepal","Asia",1980-01-01,51.85,15016408,280.89887
"760","npl","Nepal","Asia",1985-01-01,54.73,16858315,317.77054
"761","npl","Nepal","Asia",1990-01-01,58.32,18905480,354.25752
"762","npl","Nepal","Asia",1995-01-01,61.83,21576074,399.69502
"763","npl","Nepal","Asia",2000-01-01,65.39,23941099,455.27735
"764","npl","Nepal","Asia",2005-01-01,67.69,25744500,500.20638
"765","npl","Nepal","Asia",2010-01-01,69.04,27013207,592.40121
"766","npl","Nepal","Asia",2015-01-01,69.35,27015033,730.1154
"767","npl","Nepal","Asia",2019-01-01,71.07,28608715,866.17115
"768","pak","Pakistan","Asia",1960-01-01,51.32,44988690,302.09256
"769","pak","Pakistan","Asia",1965-01-01,54.62,50917975,381.58534
"770","pak","Pakistan","Asia",1970-01-01,57.08,58142062,469.43772
"771","pak","Pakistan","Asia",1975-01-01,59.03,66816875,477.96787
"772","pak","Pakistan","Asia",1980-01-01,60.24,78054346,552.61575
"773","pak","Pakistan","Asia",1985-01-01,60.88,92191505,649.3212
"774","pak","Pakistan","Asia",1990-01-01,61.05,107647918,736.95445
"775","pak","Pakistan","Asia",1995-01-01,60.34,123776835,803.57755
"776","pak","Pakistan","Asia",2000-01-01,61.04,142343583,820.22561
"777","pak","Pakistan","Asia",2005-01-01,61.05,160304007,936.84979
"778","pak","Pakistan","Asia",2010-01-01,63.27,179424643,987.40971
"779","pak","Pakistan","Asia",2015-01-01,64.42,199426953,1081.29443
"780","pak","Pakistan","Asia",2019-01-01,65.86,216565317,1185.45678
"781","pan","Panama","Americas",1960-01-01,65.88,1133005,2139.39267
"782","pan","Panama","Americas",1965-01-01,67.48,1314679,2739.22593
"783","pan","Panama","Americas",1970-01-01,68.1,1519286,3434.72614
"784","pan","Panama","Americas",1975-01-01,71.63,1745142,3764.69431
"785","pan","Panama","Americas",1980-01-01,74.21,1978489,4428.6907
"786","pan","Panama","Americas",1985-01-01,75.35,2219200,4676.20877
"787","pan","Panama","Americas",1990-01-01,76.42,2470946,4061.59048
"788","pan","Panama","Americas",1995-01-01,76.54,2739667,4786.35732
"789","pan","Panama","Americas",2000-01-01,77.98,3030333,5493.63331
"790","pan","Panama","Americas",2005-01-01,78.22,3330222,6172.85706
"791","pan","Panama","Americas",2010-01-01,78.5,3642691,8082.01958
"792","pan","Panama","Americas",2015-01-01,79.26,3968490,10765.93175
"793","pan","Panama","Americas",2019-01-01,80.03,4246440,11902.32511
"794","per","Peru","Americas",1960-01-01,47.26,10155011,2659.5261
"795","per","Peru","Americas",1965-01-01,54.12,11711402,3198.14425
"796","per","Peru","Americas",1970-01-01,48.63,13459789,3352.03481
"797","per","Peru","Americas",1975-01-01,63.4,15424745,3838.4796
"798","per","Peru","Americas",1980-01-01,65.1,17547612,3687.80032
"799","per","Peru","Americas",1985-01-01,65.94,19772871,3265.40956
"800","per","Peru","Americas",1990-01-01,69.24,22071433,2650.21398
"801","per","Peru","Americas",1995-01-01,71.49,24299168,3107.11333
"802","per","Peru","Americas",2000-01-01,74.61,26459944,3242.57916
"803","per","Peru","Americas",2005-01-01,77.16,27866140,3796.20408
"804","per","Peru","Americas",2010-01-01,77.32,29027680,5082.35371
"805","per","Peru","Americas",2015-01-01,79.4,30470739,6114.22621
"806","per","Peru","Americas",2019-01-01,80.25,32510462,6489.56639
"807","phl","Philippines","Asia",1960-01-01,61.26,26269741,1100.01976
"808","phl","Philippines","Asia",1965-01-01,62.55,30909997,1206.07322
"809","phl","Philippines","Asia",1970-01-01,62.69,35803591,1305.15163
"810","phl","Philippines","Asia",1975-01-01,64.11,41285741,1498.27931
"811","phl","Philippines","Asia",1980-01-01,65.74,47357741,1753.32336
"812","phl","Philippines","Asia",1985-01-01,66.51,54275836,1434.79229
"813","phl","Philippines","Asia",1990-01-01,68.41,61895169,1585.55062
"814","phl","Philippines","Asia",1995-01-01,69.77,69784087,1565.40825
"815","phl","Philippines","Asia",2000-01-01,70.31,77991757,1668.71554
"816","phl","Philippines","Asia",2005-01-01,70.31,86326251,1893.70181
"817","phl","Philippines","Asia",2010-01-01,70.58,93966784,2217.47215
"818","phl","Philippines","Asia",2015-01-01,70.91,102113206,2735.18552
"819","phl","Philippines","Asia",2019-01-01,71.84,108116622,3340.13267
"820","png","Papua New Guinea","Oceania",1960-01-01,53.68,2255858,1012.44164
"821","png","Papua New Guinea","Oceania",1965-01-01,56.15,2485433,1293.18734
"822","png","Papua New Guinea","Oceania",1970-01-01,59.02,2783132,1592.79984
"823","png","Papua New Guinea","Oceania",1975-01-01,61.09,3139944,1717.72012
"824","png","Papua New Guinea","Oceania",1980-01-01,62.15,3571209,1588.88714
"825","png","Papua New Guinea","Oceania",1985-01-01,62.23,4081022,1488.47755
"826","png","Papua New Guinea","Oceania",1990-01-01,62.61,4615843,1393.18506
"827","png","Papua New Guinea","Oceania",1995-01-01,63.22,5187063,1872.11703
"828","png","Papua New Guinea","Oceania",2000-01-01,63.14,5847590,1643.083
"829","png","Papua New Guinea","Oceania",2005-01-01,62.21,6494902,1646.34424
"830","png","Papua New Guinea","Oceania",2010-01-01,62.78,7310512,1949.35119
"831","png","Papua New Guinea","Oceania",2015-01-01,63.93,8107772,2336.80642
"832","png","Papua New Guinea","Oceania",2019-01-01,64.66,8776119,2489.04886
"833","prt","Portugal","Europe",1960-01-01,64.73,8844638,4500.73615
"834","prt","Portugal","Europe",1965-01-01,65.9,8862277,6029.63761
"835","prt","Portugal","Europe",1970-01-01,67.39,8651334,8759.96732
"836","prt","Portugal","Europe",1975-01-01,69.32,9172240,10361.56885
"837","prt","Portugal","Europe",1980-01-01,71.75,9750966,12372.28203
"838","prt","Portugal","Europe",1985-01-01,73.26,9929176,12598.91336
"839","prt","Portugal","Europe",1990-01-01,74.28,9895358,16667.58481
"840","prt","Portugal","Europe",1995-01-01,75.47,10091322,18059.22365
"841","prt","Portugal","Europe",2000-01-01,76.84,10297117,21497.50043
"842","prt","Portugal","Europe",2005-01-01,78.75,10508494,21988.18879
"843","prt","Portugal","Europe",2010-01-01,80.24,10596055,22498.69086
"844","prt","Portugal","Europe",2015-01-01,81.54,10368346,22018.00945
"845","prt","Portugal","Europe",2019-01-01,81.72,10226178,24679.03409
"846","pry","Paraguay","Americas",1960-01-01,69.07,1903990,1364.30099
"847","pry","Paraguay","Americas",1965-01-01,70.48,2172309,1529.80526
"848","pry","Paraguay","Americas",1970-01-01,70.82,2474757,1726.89912
"849","pry","Paraguay","Americas",1975-01-01,71.4,2791236,2141.15437
"850","pry","Paraguay","Americas",1980-01-01,73.07,3181627,3152.63239
"851","pry","Paraguay","Americas",1985-01-01,74.5,3676206,3060.35528
"852","pry","Paraguay","Americas",1990-01-01,75.79,4223413,3547.48328
"853","pry","Paraguay","Americas",1995-01-01,75.39,4776838,3897.2212
"854","pry","Paraguay","Americas",2000-01-01,75.62,5323202,3570.28204
"855","pry","Paraguay","Americas",2005-01-01,75.59,5824095,3586.97635
"856","pry","Paraguay","Americas",2010-01-01,75.74,6248017,4359.42842
"857","pry","Paraguay","Americas",2015-01-01,76.49,6688746,4950.61742
"858","pry","Paraguay","Americas",2019-01-01,76.61,7044639,5280.17551
"859","rwa","Rwanda","Africa",1960-01-01,42.24,2935575,351.21761
"860","rwa","Rwanda","Africa",1965-01-01,42.85,3235536,286.80435
"861","rwa","Rwanda","Africa",1970-01-01,43.58,3757351,355.80836
"862","rwa","Rwanda","Africa",1975-01-01,45.02,4364709,319.13504
"863","rwa","Rwanda","Africa",1980-01-01,48.43,5153314,438.30542
"864","rwa","Rwanda","Africa",1985-01-01,51.49,6146884,417.93634
"865","rwa","Rwanda","Africa",1990-01-01,50.01,7288883,378.91623
"866","rwa","Rwanda","Africa",1995-01-01,46.41,5836490,301.93643
"867","rwa","Rwanda","Africa",2000-01-01,50.51,7933688,350.99448
"868","rwa","Rwanda","Africa",2005-01-01,58.22,8840220,464.60498
"869","rwa","Rwanda","Africa",2010-01-01,64.54,10039338,609.72492
"870","rwa","Rwanda","Africa",2015-01-01,67.39,11369066,764.26056
"871","rwa","Rwanda","Africa",2019-01-01,68.65,12626938,901.14395
"872","sdn","Sudan","Africa",1960-01-01,49.76,7544498,897.40187
"873","sdn","Sudan","Africa",1965-01-01,50.53,8770094,859.01501
"874","sdn","Sudan","Africa",1970-01-01,51.6,10281695,794.90849
"875","sdn","Sudan","Africa",1975-01-01,52.8,12144128,857.47876
"876","sdn","Sudan","Africa",1980-01-01,54.8,14507466,815.64169
"877","sdn","Sudan","Africa",1985-01-01,52.17,17210182,714.99829
"878","sdn","Sudan","Africa",1990-01-01,58.66,20147592,772.95796
"879","sdn","Sudan","Africa",1995-01-01,61.29,24094741,870.29701
"880","sdn","Sudan","Africa",2000-01-01,63.26,27275019,1017.28626
"881","sdn","Sudan","Africa",2005-01-01,65.48,30949514,1206.51193
"882","sdn","Sudan","Africa",2010-01-01,67.44,34545014,1489.87409
"883","sdn","Sudan","Africa",2015-01-01,69.03,38902948,2019.49888
"884","sdn","Sudan","Africa",2019-01-01,70.49,42813237,2018.40804
"885","sen","Senegal","Africa",1960-01-01,46.91,3206757,1326.34029
"886","sen","Senegal","Africa",1965-01-01,47.1,3682879,1273.70733
"887","sen","Senegal","Africa",1970-01-01,47.87,4257508,1207.32023
"888","sen","Senegal","Africa",1975-01-01,49.91,4929846,1171.87111
"889","sen","Senegal","Africa",1980-01-01,52.92,5583157,1172.15375
"890","sen","Senegal","Africa",1985-01-01,56.22,6471329,1165.66814
"891","sen","Senegal","Africa",1990-01-01,58.61,7526306,1124.14282
"892","sen","Senegal","Africa",1995-01-01,59.17,8690155,1082.07491
"893","sen","Senegal","Africa",2000-01-01,60.63,9797731,1179.75246
"894","sen","Senegal","Africa",2005-01-01,63.19,11090123,1253.96424
"895","sen","Senegal","Africa",2010-01-01,65.67,12678143,1271.58328
"896","sen","Senegal","Africa",2015-01-01,66.98,14578450,1348.56863
"897","sen","Senegal","Africa",2019-01-01,68.47,16296362,1528.14085
"898","sgp","Singapore","Asia",1960-01-01,65.55,1633133,3503.41112
"899","sgp","Singapore","Asia",1965-01-01,67.4,1877826,4087.87997
"900","sgp","Singapore","Asia",1970-01-01,69.01,2072284,6786.93538
"901","sgp","Singapore","Asia",1975-01-01,70.52,2259721,9673.85374
"902","sgp","Singapore","Asia",1980-01-01,71.72,2411690,13533.67198
"903","sgp","Singapore","Asia",1985-01-01,73.45,2705537,16632.90359
"904","sgp","Singapore","Asia",1990-01-01,75.61,3012968,22571.89477
"905","sgp","Singapore","Asia",1995-01-01,77.13,3525964,29473.43126
"906","sgp","Singapore","Asia",2000-01-01,79.39,4028872,33850.74725
"907","sgp","Singapore","Asia",2005-01-01,81.31,4265693,40498.71453
"908","sgp","Singapore","Asia",2010-01-01,82.76,5131170,47236.96023
"909","sgp","Singapore","Asia",2015-01-01,84.14,5592143,54009.73892
"910","sgp","Singapore","Asia",2019-01-01,84.85,5804343,59374.43639
"911","sle","Sierra Leone","Africa",1960-01-01,42.7,2317638,372.71443
"912","sle","Sierra Leone","Africa",1965-01-01,44.17,2508226,426.25204
"913","sle","Sierra Leone","Africa",1970-01-01,45.74,2744890,476.5572
"914","sle","Sierra Leone","Africa",1975-01-01,47.36,3037158,483.81866
"915","sle","Sierra Leone","Africa",1980-01-01,48.35,3388494,484.64333
"916","sle","Sierra Leone","Africa",1985-01-01,49.33,3805304,448.90264
"917","sle","Sierra Leone","Africa",1990-01-01,51.09,4319763,415.25678
"918","sle","Sierra Leone","Africa",1995-01-01,50.6,4303953,315.93534
"919","sle","Sierra Leone","Africa",2000-01-01,51.63,4584570,302.26433
"920","sle","Sierra Leone","Africa",2005-01-01,53.28,5645629,353.88911
"921","sle","Sierra Leone","Africa",2010-01-01,55.99,6415636,401.83488
"922","sle","Sierra Leone","Africa",2015-01-01,58.67,7171909,441.13797
"923","sle","Sierra Leone","Africa",2019-01-01,61.78,7813207,488.88598
"924","sur","Suriname","Americas",1960-01-01,62.97,287870,3335.0501
"925","sur","Suriname","Americas",1965-01-01,64.81,328939,4003.05707
"926","sur","Suriname","Americas",1970-01-01,65.85,367926,5522.39597
"927","sur","Suriname","Americas",1975-01-01,66.21,359234,5920.39708
"928","sur","Suriname","Americas",1980-01-01,66.77,359531,6853.94862
"929","sur","Suriname","Americas",1985-01-01,69.07,368636,6595.18509
"930","sur","Suriname","Americas",1990-01-01,68.94,405169,6086.1373
"931","sur","Suriname","Americas",1995-01-01,70.91,441851,5551.47583
"932","sur","Suriname","Americas",2000-01-01,69.8,470944,5726.50541
"933","sur","Suriname","Americas",2005-01-01,70.64,499461,6971.03867
"934","sur","Suriname","Americas",2010-01-01,72.29,529126,8255.87487
"935","sur","Suriname","Americas",2015-01-01,72.45,559136,8464.75911
"936","sur","Suriname","Americas",2019-01-01,72.71,581363,8341.92713
"937","swe","Sweden","Europe",1960-01-01,73.41,7482536,18062.46992
"938","swe","Sweden","Europe",1965-01-01,74.19,7745678,22498.4781
"939","swe","Sweden","Europe",1970-01-01,74.83,8054909,26656.77933
"940","swe","Sweden","Europe",1975-01-01,75.26,8197341,29732.57388
"941","swe","Sweden","Europe",1980-01-01,76.07,8316331,31320.31738
"942","swe","Sweden","Europe",1985-01-01,77.09,8357650,34400.01932
"943","swe","Sweden","Europe",1990-01-01,77.95,8567375,37785.86777
"944","swe","Sweden","Europe",1995-01-01,79.12,8836421,37870.91876
"945","swe","Sweden","Europe",2000-01-01,80,8881642,44941.67037
"946","swe","Sweden","Europe",2005-01-01,80.98,9038627,50268.17571
"947","swe","Sweden","Europe",2010-01-01,81.86,9390157,52869.04429
"948","swe","Sweden","Europe",2015-01-01,82.55,9764949,56339.9943
"949","swe","Sweden","Europe",2019-01-01,82.83,10036391,58112.43528
"950","syc","Seychelles","Africa",1960-01-01,63.64,41611,2829.64066
"951","syc","Seychelles","Africa",1965-01-01,63.89,46787,2956.45217
"952","syc","Seychelles","Africa",1970-01-01,65.73,52371,3511.84863
"953","syc","Seychelles","Africa",1975-01-01,68.91,59584,4456.79835
"954","syc","Seychelles","Africa",1980-01-01,71.06,66237,6120.53884
"955","syc","Seychelles","Africa",1985-01-01,71.25,69772,6148.43451
"956","syc","Seychelles","Africa",1990-01-01,70.56,70572,7542.55943
"957","syc","Seychelles","Africa",1995-01-01,70.95,76653,8009.7945
"958","syc","Seychelles","Africa",2000-01-01,72.2,80998,9790.27077
"959","syc","Seychelles","Africa",2005-01-01,72.24,88652,9450.27943
"960","syc","Seychelles","Africa",2010-01-01,73.21,91273,10804.68447
"961","syc","Seychelles","Africa",2015-01-01,73.41,94981,13187.61195
"962","syc","Seychelles","Africa",2019-01-01,73.56,97741,14232.60952
"963","tcd","Chad","Africa",1960-01-01,47.41,3001604,696.95363
"964","tcd","Chad","Africa",1965-01-01,48.47,3309583,651.72862
"965","tcd","Chad","Africa",1970-01-01,48.36,3643608,634.77745
"966","tcd","Chad","Africa",1975-01-01,50.42,4088568,586.35206
"967","tcd","Chad","Africa",1980-01-01,50.77,4514427,410.71426
"968","tcd","Chad","Africa",1985-01-01,52.36,5095400,556.89572
"969","tcd","Chad","Africa",1990-01-01,53.54,5963250,517.08436
"970","tcd","Chad","Africa",1995-01-01,53.46,7010159,484.57778
"971","tcd","Chad","Africa",2000-01-01,52.25,8355654,462.25424
"972","tcd","Chad","Africa",2005-01-01,53.73,10096630,833.55768
"973","tcd","Chad","Africa",2010-01-01,56.5,11952134,892.56887
"974","tcd","Chad","Africa",2015-01-01,58.75,14110971,956.65996
"975","tcd","Chad","Africa",2019-01-01,60.38,15946882,813.71959
"976","tgo","Togo","Africa",1960-01-01,46.95,1580508,374.64713
"977","tgo","Togo","Africa",1965-01-01,48.58,1708631,558.9122
"978","tgo","Togo","Africa",1970-01-01,51.42,2115522,621.80626
"979","tgo","Togo","Africa",1975-01-01,53.7,2410451,654.95512
"980","tgo","Togo","Africa",1980-01-01,55.77,2720835,733.46111
"981","tgo","Togo","Africa",1985-01-01,57.11,3252997,602.69724
"982","tgo","Togo","Africa",1990-01-01,57.98,3774310,587.14519
"983","tgo","Togo","Africa",1995-01-01,57.55,4226293,526.37504
"984","tgo","Togo","Africa",2000-01-01,56.38,4924406,558.65055
"985","tgo","Togo","Africa",2005-01-01,56.91,5611643,517.00652
"986","tgo","Togo","Africa",2010-01-01,59.5,6421674,534.04478
"987","tgo","Togo","Africa",2015-01-01,62.38,7323162,630.93691
"988","tgo","Togo","Africa",2019-01-01,65.03,8082359,697.11344
"989","tha","Thailand","Asia",1960-01-01,60.87,27397208,570.85777
"990","tha","Thailand","Asia",1965-01-01,62.85,31822656,695.15876
"991","tha","Thailand","Asia",1970-01-01,64.15,36884525,929.09371
"992","tha","Thailand","Asia",1975-01-01,65.49,42326307,1070.56373
"993","tha","Thailand","Asia",1980-01-01,66.5,47374463,1404.00619
"994","tha","Thailand","Asia",1985-01-01,70.03,52026901,1666.75126
"995","tha","Thailand","Asia",1990-01-01,71.29,56558196,2503.80859
"996","tha","Thailand","Asia",1995-01-01,70.72,59467272,3531.79241
"997","tha","Thailand","Asia",2000-01-01,71.81,62952639,3458.35289
"998","tha","Thailand","Asia",2005-01-01,74.75,65416189,4337.87998
"999","tha","Thailand","Asia",2010-01-01,77,67195032,5076.33987
"1000","tha","Thailand","Asia",2015-01-01,78.19,68714519,5741.3641
"1001","tha","Thailand","Asia",2019-01-01,78.42,69625581,6505.71533
"1002","tto","Trinidad and Tobago","Americas",1960-01-01,64.32,847973,4006.74999
"1003","tto","Trinidad and Tobago","Americas",1965-01-01,65.13,911742,4997.11637
"1004","tto","Trinidad and Tobago","Americas",1970-01-01,65.35,945357,5726.7364
"1005","tto","Trinidad and Tobago","Americas",1975-01-01,66.78,1010934,6129.36854
"1006","tto","Trinidad and Tobago","Americas",1980-01-01,67.64,1084743,8345.13883
"1007","tto","Trinidad and Tobago","Americas",1985-01-01,68.31,1170296,6806.0469
"1008","tto","Trinidad and Tobago","Americas",1990-01-01,69.6,1221121,5823.64026
"1009","tto","Trinidad and Tobago","Americas",1995-01-01,69.82,1254200,6873.88535
"1010","tto","Trinidad and Tobago","Americas",2000-01-01,70.47,1267159,9785.86341
"1011","tto","Trinidad and Tobago","Americas",2005-01-01,71.93,1296497,14110.09558
"1012","tto","Trinidad and Tobago","Americas",2010-01-01,73.73,1328144,16683.39306
"1013","tto","Trinidad and Tobago","Americas",2015-01-01,74.92,1370332,16783.93922
"1014","tto","Trinidad and Tobago","Americas",2019-01-01,74.88,1394969,14920.61605
"1015","tur","Turkey","Europe",1960-01-01,49.53,27472339,3174.9442
"1016","tur","Turkey","Europe",1965-01-01,53.39,30972996,3556.75421
"1017","tur","Turkey","Europe",1970-01-01,57.13,34876296,4221.02167
"1018","tur","Turkey","Europe",1975-01-01,60.74,39277249,4967.24265
"1019","tur","Turkey","Europe",1980-01-01,64.06,43975972,4986.52379
"1020","tur","Turkey","Europe",1985-01-01,66.65,49133928,5659.21729
"1021","tur","Turkey","Europe",1990-01-01,68.75,53921758,6774.40494
"1022","tur","Turkey","Europe",1995-01-01,70.85,58486453,7315.17348
"1023","tur","Turkey","Europe",2000-01-01,74.73,63240196,8278.52565
"1024","tur","Turkey","Europe",2005-01-01,76.81,67903461,9790.13561
"1025","tur","Turkey","Europe",2010-01-01,76.72,72326992,10742.77498
"1026","tur","Turkey","Europe",2015-01-01,77.36,78529413,13924.13
"1027","tur","Turkey","Europe",2019-01-01,78.4,83429607,15125.87904
"1028","ury","Uruguay","Americas",1960-01-01,68.32,2538648,5474.628
"1029","ury","Uruguay","Americas",1965-01-01,68.44,2694537,5395.15089
"1030","ury","Uruguay","Americas",1970-01-01,68.47,2809799,5670.61879
"1031","ury","Uruguay","Americas",1975-01-01,69.31,2830172,6066.26498
"1032","ury","Uruguay","Americas",1980-01-01,70.6,2915389,7355.20881
"1033","ury","Uruguay","Americas",1985-01-01,72.27,3011519,5873.32952
"1034","ury","Uruguay","Americas",1990-01-01,73.17,3109598,6878.15192
"1035","ury","Uruguay","Americas",1995-01-01,73.68,3224275,8045.96162
"1036","ury","Uruguay","Americas",2000-01-01,74.77,3319734,9001.75547
"1037","ury","Uruguay","Americas",2005-01-01,75.54,3321799,9078.64839
"1038","ury","Uruguay","Americas",2010-01-01,76.53,3359273,11992.02377
"1039","ury","Uruguay","Americas",2015-01-01,77.14,3412013,13938.77373
"1040","ury","Uruguay","Americas",2019-01-01,77.53,3461731,14315.99486
"1041","usa","United States","Americas",1960-01-01,70.06,186720570,17578.13732
"1042","usa","United States","Americas",1965-01-01,70.37,199733679,20849.73824
"1043","usa","United States","Americas",1970-01-01,70.93,209513340,23207.21994
"1044","usa","United States","Americas",1975-01-01,72.73,219081250,25120.23085
"1045","usa","United States","Americas",1980-01-01,73.96,229476360,28589.67273
"1046","usa","United States","Americas",1985-01-01,74.91,240499822,32118.75943
"1047","usa","United States","Americas",1990-01-01,75.72,252120309,36059.30163
"1048","usa","United States","Americas",1995-01-01,76.08,265163741,38369.16184
"1049","usa","United States","Americas",2000-01-01,77.03,281710914,44726.9654
"1050","usa","United States","Americas",2005-01-01,77.73,294993509,48499.81238
"1051","usa","United States","Americas",2010-01-01,78.89,309011469,48466.6576
"1052","usa","United States","Americas",2015-01-01,78.99,320878312,52236.11935
"1053","usa","United States","Americas",2019-01-01,78.93,329064917,55886.18421
"1054","vct","St. Vincent and the Grenadines","Americas",1960-01-01,60.97,80970,1752.01436
"1055","vct","St. Vincent and the Grenadines","Americas",1965-01-01,63.41,86009,1752.59179
"1056","vct","St. Vincent and the Grenadines","Americas",1970-01-01,64.78,90501,1828.40529
"1057","vct","St. Vincent and the Grenadines","Americas",1975-01-01,66.59,95665,1678.36974
"1058","vct","St. Vincent and the Grenadines","Americas",1980-01-01,68.56,100566,2319.90331
"1059","vct","St. Vincent and the Grenadines","Americas",1985-01-01,69.99,104503,2821.34279
"1060","vct","St. Vincent and the Grenadines","Americas",1990-01-01,70.11,107489,3599.02068
"1061","vct","St. Vincent and the Grenadines","Americas",1995-01-01,70.47,108043,4162.22323
"1062","vct","St. Vincent and the Grenadines","Americas",2000-01-01,71.11,107787,4752.90978
"1063","vct","St. Vincent and the Grenadines","Americas",2005-01-01,72.6,108617,5863.34448
"1064","vct","St. Vincent and the Grenadines","Americas",2010-01-01,73.11,108260,6292.49885
"1065","vct","St. Vincent and the Grenadines","Americas",2015-01-01,72.57,109135,6581.60711
"1066","vct","St. Vincent and the Grenadines","Americas",2019-01-01,72.95,110593,6862.6661
"1067","ven","Venezuela","Americas",1960-01-01,65.17,8141839,12457.21002
"1068","ven","Venezuela","Americas",1965-01-01,66.03,9692281,14095.75235
"1069","ven","Venezuela","Americas",1970-01-01,66.51,11396396,14570.09703
"1070","ven","Venezuela","Americas",1975-01-01,67.6,13189511,14555.90236
"1071","ven","Venezuela","Americas",1980-01-01,69.66,15182616,14269.38566
"1072","ven","Venezuela","Americas",1985-01-01,71.56,17319513,11938.23251
"1073","ven","Venezuela","Americas",1990-01-01,72.44,19632665,11968.85422
"1074","ven","Venezuela","Americas",1995-01-01,72.61,21931087,12692.59435
"1075","ven","Venezuela","Americas",2000-01-01,74.17,24192449,11944.20436
"1076","ven","Venezuela","Americas",2005-01-01,75.01,26432445,12400.7757
"1077","ven","Venezuela","Americas",2010-01-01,75.3,28439942,13825.35712
"1078","ven","Venezuela","Americas",2015-01-01,75.67,30081827,NA
"1079","ven","Venezuela","Americas",2019-01-01,75.05,28515829,NA
"1080","zaf","South Africa","Africa",1960-01-01,53.93,17099836,4624.07703
"1081","zaf","South Africa","Africa",1965-01-01,55.19,19384838,5531.7314
"1082","zaf","South Africa","Africa",1970-01-01,56.69,22069783,6244.08136
"1083","zaf","South Africa","Africa",1975-01-01,58.3,25195184,6542.61093
"1084","zaf","South Africa","Africa",1980-01-01,59.52,28556771,6722.19481
"1085","zaf","South Africa","Africa",1985-01-01,61.92,32678876,6283.11132
"1086","zaf","South Africa","Africa",1990-01-01,64.18,36800507,6059.79823
"1087","zaf","South Africa","Africa",1995-01-01,62.93,41435761,5615.29871
"1088","zaf","South Africa","Africa",2000-01-01,55.58,44967713,5937.62543
"1089","zaf","South Africa","Africa",2005-01-01,52.1,47880595,6729.82831
"1090","zaf","South Africa","Africa",2010-01-01,57.07,51216967,7328.6152
"1091","zaf","South Africa","Africa",2015-01-01,62.26,55386369,7556.78831
"1092","zaf","South Africa","Africa",2019-01-01,65.14,58558267,7345.96279
"1093","zmb","Zambia","Africa",1960-01-01,49.56,3070780,1495.70327
"1094","zmb","Zambia","Africa",1965-01-01,51.21,3570466,1718.67566
"1095","zmb","Zambia","Africa",1970-01-01,53.5,4179062,1580.82874
"1096","zmb","Zambia","Africa",1975-01-01,55.13,4943279,1502.17891
"1097","zmb","Zambia","Africa",1980-01-01,55.63,5851818,1292.4618
"1098","zmb","Zambia","Africa",1985-01-01,55.15,6923148,1119.11576
"1099","zmb","Zambia","Africa",1990-01-01,51.94,8036849,1043.72291
"1100","zmb","Zambia","Africa",1995-01-01,46.82,9096608,909.58327
"1101","zmb","Zambia","Africa",2000-01-01,45.34,10415942,948.73641
"1102","zmb","Zambia","Africa",2005-01-01,48.73,11856244,1126.03222
"1103","zmb","Zambia","Africa",2010-01-01,56.54,13605986,1489.45909
"1104","zmb","Zambia","Africa",2015-01-01,60.8,15879370,1641.01243
"1105","zmb","Zambia","Africa",2019-01-01,63.18,17861034,1653.82903
"1106","zwe","Zimbabwe","Africa",1960-01-01,55.54,3776679,994.69838
"1107","zwe","Zimbabwe","Africa",1965-01-01,56.59,4471178,998.75421
"1108","zwe","Zimbabwe","Africa",1970-01-01,58.04,5289312,1305.14534
"1109","zwe","Zimbabwe","Africa",1975-01-01,59.33,6293875,1388.49252
"1110","zwe","Zimbabwe","Africa",1980-01-01,60.4,7408630,1269.24405
"1111","zwe","Zimbabwe","Africa",1985-01-01,62.96,8877489,1303.65113
"1112","zwe","Zimbabwe","Africa",1990-01-01,62.38,10432409,1386.8506
"1113","zwe","Zimbabwe","Africa",1995-01-01,54.19,11410721,1345.99205
"1114","zwe","Zimbabwe","Africa",2000-01-01,47.5,11881482,1449.04216
"1115","zwe","Zimbabwe","Africa",2005-01-01,46.76,12076697,971.26688
"1116","zwe","Zimbabwe","Africa",2010-01-01,52.32,12697728,948.33148
"1117","zwe","Zimbabwe","Africa",2015-01-01,58.58,13814642,1234.10219
"1118","zwe","Zimbabwe","Africa",2019-01-01,61.04,14645473,1168.00807
